url,global_rank,country_rank,reach_per_million,page_views_per_million,page_views_per_user,category
bukalapak.com,155,155,5166.16,2962.6,21.05,Shopping
walmart.com,174,174,3600,382.9,3.9,Shopping
drom.ru,487,487,975,290.7,10.9,Shopping
farfetch.com,890,890,607,112,6.75,Shopping
qj.com.cn,1099,1099,577,64.1,4.08,Shopping
manyvids.com,1236,1236,714.78,126.02,6.471,Shopping
newbalance.tmall.com,2213,2213,490,13.6,1.02,Shopping
shopee.vn,2428,2428,262,40.44,5.67,Shopping
99114.com,2446,2446,287,30.2,3.9,Shopping
joinhoney.com,2793,2793,344,14,1.49,Shopping
mydealz.de,3760,3760,199,18.2,3.34,Shopping
blu-ray.com,3824,3824,178,23.3,4.79,Shopping
cabelas.com,4375,4375,167,17.8,3.91,Shopping
abebooks.com,4383,4383,195,12.3,2.31,Shopping
romwe.com,4596,4596,150,20.4,5.01,Shopping
backcountry.com,5354,5354,132,17.2,4.77,Shopping
92fanli.com,7369,7369,110,9.55,3.3,Shopping
lulus.com,8643,8643,74.2,14.8,7.32,Shopping
kakakumag.com,11297,11297,100,3,1.1,Shopping
animate-onlineshop.jp,12209,12209,63,6,3.5,Shopping
jumia.ci,12570,12570,53.1,8.52,5.88,Shopping
trovit.it,13116,13116,57,5.99,3.9,Shopping
asics.com,13334,13334,55,6.23,4.2,Shopping
dzsc.com,13561,13561,61,4.3,2.6,Shopping
opticsplanet.com,14296,14296,54.8,4.7,3.15,Shopping
footasylum.com,14440,14440,48,6.62,5.1,Shopping
technodom.kz,14737,14737,44.9,7.28,5.95,Shopping
clickindia.com,15607,15607,52.2,3.92,2.76,Shopping
torrid.com,15686,15686,40.4,7.74,7.03,Shopping
ferra.ru,16111,16111,59.3,2.71,1.68,Shopping
lidl.es,16722,16722,52,3.09,2.2,Shopping
couponbirds.com,16863,16863,61,2.28,1.4,Shopping
thisiswhyimbroke.com,17300,17300,61.3,2.12,1.27,Shopping
made.com,17855,17855,40,4.88,4.5,Shopping
kiabi.com,17999,17999,36,6.09,6.2,Shopping
bitinfocharts.com,18281,18281,50,2.63,1.9,Shopping
palmettostatearmory.com,18442,18442,38.8,4.53,4.28,Shopping
creative.com,18862,18862,40,3.8,3.5,Shopping
thegoodguys.com.au,19147,19147,41.3,3.34,2.97,Shopping
vogue.co.uk,20020,20020,47,2.16,1.7,Shopping
thekrazycouponlady.com,20499,20499,42.9,2.43,2.07,Shopping
ipsy.com,21117,21117,34.1,3.75,4,Shopping
parts-express.com,21175,21175,34,3.81,4.2,Shopping
rydo.ru,21674,21674,38.3,2.54,2.43,Shopping
meidebi.com,21726,21726,34,3.4,3.7,Shopping
bhmeibiao.tmall.com,22247,22247,51,1.4,1,Shopping
novate.ru,22299,22299,40.5,2.06,1.9,Shopping
oglaszamy24.pl,22734,22734,26,6.62,9.5,Shopping
doorbin.me,22967,22967,29.9,3.79,4.7,Shopping
ebay.ch,23850,23850,29,3.59,4.5,Shopping
colorhexa.com,24233,24233,34,2.28,2.5,Shopping
iledebeaute.ru,25016,25016,26.9,3.62,4.93,Shopping
yallamotor.com,25228,25228,29,2.89,3.7,Shopping
bauhaus.se,26269,26269,27,2.93,4,Shopping
ecobee.com,26530,26530,25,3.48,5.1,Shopping
hollandandbarrett.com,26776,26776,27,2.79,3.8,Shopping
checkraka.com,27256,27256,31.2,1.82,2.1,Shopping
lidl-hellas.gr,28040,28040,32.3,1.56,1.77,Shopping
parsgraphic.ir,29074,29074,20,4.43,8,Shopping
1a.lv,29468,29468,20.9,3.8,6.67,Shopping
cataloxy.ru,29565,29565,30.2,1.5,1.8,Shopping
domik.ua,29805,29805,24,2.38,3.6,Shopping
monclick.it,30496,30496,23,2.42,3.8,Shopping
otzyvy.pro,30830,30830,33.4,1.11,1.22,Shopping
bike24.com,30950,30950,27,1.6,2.2,Shopping
yikuyi.com,31050,31050,22,2.7,4.6,Shopping
havecamerawilltravel.com,31063,31063,34,1.06,1.1,Shopping
hyperinzerce.cz,31180,31180,23,2.3,3.7,Shopping
zooplus.fr,31269,31269,19,3.91,7.5,Shopping
ha.com,32148,32148,21,2.66,4.7,Shopping
gu-japan.com,32461,32461,26,1.5,2.1,Shopping
shimamura.co.jp,33199,33199,23,1.7,2.8,Shopping
1000bulbs.com,33603,33603,22,1.88,3.1,Shopping
vosbooks.tv,34094,34094,21,2.08,3.7,Shopping
itopya.com,34177,34177,20.1,2.24,4.09,Shopping
horizonhobby.com,35294,35294,20,2.11,4,Shopping
discordemoji.com,35519,35519,17,2.82,5.9,Shopping
coyeee.tmall.com,35663,35663,30,0.85,1,Shopping
cdandlp.com,36483,36483,19,1.88,3.6,Shopping
lesmobiles.com,36669,36669,25,1.1,1.6,Shopping
shufersal.co.il,37283,37283,18.4,1.97,3.93,Shopping
truffaut.com,38542,38542,20,1.4,2.7,Shopping
zalando-prive.it,39243,39243,19,1.5,3,Shopping
51lingla.com,39554,39554,13,4.1,11,Shopping
belezanaweb.com.br,39764,39764,17,1.85,4,Shopping
alexgyver.ru,40072,40072,19.6,1.29,2.4,Shopping
libreriauniversitaria.it,40877,40877,20,1.1,2,Shopping
mountainwarehouse.com,41202,41202,15,2.16,5.2,Shopping
kazus.ru,41646,41646,18.5,1.28,2.5,Shopping
eightvape.com,42899,42899,15,1.93,4.7,Shopping
yellowpages.co.th,43311,43311,19.5,1,1.9,Shopping
o-xe.com,43964,43964,24,0.68,1,Shopping
moebel24.de,45158,45158,18,1.03,2.1,Shopping
earlyadopter.co.kr,46599,46599,15,1.4,3.4,Shopping
palexe.top,47502,47502,17,0.94,2,Shopping
blindstogo.com,47692,47692,21.47,2.57,4.397,Shopping
ballarddesigns.com,47695,47695,14,1.44,3.8,Shopping
maje.com,47990,47990,13,1.8,5,Shopping
tinko.ru,48353,48353,13.8,1.45,3.87,Shopping
clinique.com,49451,49451,13,1.53,4.3,Shopping
noornegar.com,50231,50231,15,1.1,2.8,Shopping
abebooks.fr,50762,50762,16,0.9,2.1,Shopping
beymen.com,51671,51671,13,1.38,4,Shopping
xn--80aayfwofft0a1d.xn--p1ai,51906,51906,17,0.7,1.5,Shopping
lutron.com,52577,52577,11,1.96,6.6,Shopping
dante5.com,53030,53030,12,1.4,4.1,Shopping
carrefour.pl,53137,53137,14,0.96,2.5,Shopping
alshaya.com,54015,54015,11,1.56,5.1,Shopping
chocolife.me,55798,55798,11.3,1.34,4.34,Shopping
chinasspp.com,57117,57117,15,0.63,1.5,Shopping
canon.com.br,57262,57262,12,1.11,3.5,Shopping
westwing.com.br,58457,58457,11,1.21,4,Shopping
toyota.com.au,58826,58826,11,1.14,3.8,Shopping
spreadshirt.co.uk,58882,58882,15,0.6,1.5,Shopping
upgradedpoints.com,59218,59218,16,0.55,1.3,Shopping
urbanindustry.co.uk,59421,59421,11,1.2,3.9,Shopping
encompass.com,59926,59926,12,0.82,2.5,Shopping
nanagarden.com,59939,59939,12.9,0.74,2.1,Shopping
betabrand.com,60145,60145,11,0.95,3,Shopping
freeads.co.uk,60292,60292,10,1.29,4.7,Shopping
alaneesqatar.qa,60548,60548,11,1,3.4,Shopping
economicos.cl,60724,60724,9.8,1.38,5.2,Shopping
mcnplaza.com,60971,60971,14,0.63,1.7,Shopping
homechoice.co.za,61549,61549,8.7,1.87,7.8,Shopping
carrier.com,61627,61627,12,0.83,2.6,Shopping
zhaoshang100.com,62243,62243,11,1,3.6,Shopping
stage.com,62483,62483,9.9,1.19,4.4,Shopping
bananarepublic.com,62534,62534,14,0.53,1.4,Shopping
mageplaza.com,63432,63432,12,0.67,2,Shopping
karaconpia.com,63456,63456,11,0.94,3.3,Shopping
salambaba.com,63774,63774,11,0.8,2.6,Shopping
robotistan.com,63833,63833,10.3,0.98,3.49,Shopping
beruby.com,63961,63961,11,0.85,2.9,Shopping
vinmonopolet.no,64990,64990,9,1.31,5.3,Shopping
csgoitems.pro,66563,66563,9.5,1.01,3.9,Shopping
happymodern.ru,67059,67059,14,0.45,1.2,Shopping
6dollarshirts.com,67217,67217,8.6,1.3,5.6,Shopping
junpin360.com,67531,67531,9.1,1.1,4.4,Shopping
conectate.com.do,68083,68083,14,0.44,1.2,Shopping
datacomp.sk,68321,68321,9.1,1.01,4,Shopping
istnegah.com,68443,68443,9.2,0.99,4,Shopping
thezoereport.com,69738,69738,11,0.57,1.9,Shopping
yoytec.com,70092,70092,8.4,1.16,5.1,Shopping
hornbach.sk,72299,72299,8.9,0.85,3.5,Shopping
skinnydiplondon.com,72362,72362,7.9,1.2,5.4,Shopping
srail.co.kr,72377,72377,7.8,1.2,5.8,Shopping
boltdepot.com,72448,72448,8.7,0.89,3.8,Shopping
unit808.com,72525,72525,7,1.8,9.4,Shopping
hilife.com.tw,72865,72865,9.7,0.68,2.6,Shopping
smcworld.com,73967,73967,8.3,0.94,4.1,Shopping
mydeal.com.au,74247,74247,9.2,0.71,2.8,Shopping
ziyimall.com,74412,74412,13,0.38,1.1,Shopping
coilart.net,75253,75253,5.8,3,19,Shopping
zoom-na.com,75504,75504,10,0.54,1.9,Shopping
steam-account.ru,75618,75618,9.85,0.57,2.1,Shopping
swap.com,76002,76002,8.2,0.85,3.8,Shopping
lada-vesta2.ru,76095,76095,12,0.4,1.2,Shopping
aftvnews.com,77022,77022,11,0.41,1.3,Shopping
slot.ng,77106,77106,7.9,0.89,4.1,Shopping
xn--miespaa-9za.com,77174,77174,8.3,0.79,3.5,Shopping
inyopools.com,77517,77517,8.9,0.65,2.7,Shopping
amway.it,78069,78069,7,1.2,6.3,Shopping
sgcn.com,78354,78354,6.9,1.2,6.4,Shopping
elne.jp,78724,78724,7.3,1,5.2,Shopping
5esrd.com,78913,78913,9.5,0.53,2,Shopping
lojahp.com.br,79423,79423,8.3,0.7,3.1,Shopping
missionworkshop.com,80315,80315,8.4,0.64,2.8,Shopping
shate-m.ru,80781,80781,7.54,0.83,4.04,Shopping
karafun.com,80882,80882,8,0.71,3.2,Shopping
uscutter.com,81098,81098,8.2,0.66,3,Shopping
houzz.de,81755,81755,8.5,0.58,2.5,Shopping
targetsportsusa.com,81850,81850,7.3,0.85,4.2,Shopping
aceuae.com,82385,82385,8.1,0.64,2.9,Shopping
rojashop.com,82689,82689,6.4,1.19,6.8,Shopping
vaping.com,83121,83121,9.1,0.48,1.9,Shopping
igis.ru,83633,83633,10.3,0.38,1.35,Shopping
usnetads.com,83854,83854,7.3,0.78,3.9,Shopping
financieraelcorteingles.es,83955,83955,6.8,0.92,5,Shopping
3dcadbrowser.com,84123,84123,9,0.48,1.9,Shopping
roamans.com,84230,84230,6.9,0.91,4.8,Shopping
damart.fr,84401,84401,6.1,1.3,7.6,Shopping
denizbutik.com,84930,84930,6,1.29,7.8,Shopping
shjubao.cn,85376,85376,6.9,0.83,4.4,Shopping
hinnavaatlus.ee,85396,85396,7.1,0.78,4.1,Shopping
globalintergold.com,85570,85570,6.3,1.07,6.2,Shopping
hackintosher.com,86427,86427,8.4,0.49,2.2,Shopping
china-direct-buy.com,87496,87496,6.7,0.83,4.6,Shopping
buykorea.org,88191,88191,7,0.7,3.7,Shopping
zsyibiao.com,88434,88434,6.4,0.88,5,Shopping
triumphrat.net,89531,89531,6.8,0.72,3.9,Shopping
carquest.com,89657,89657,5.5,1.35,9,Shopping
cuspide.com,89804,89804,8.3,0.45,2,Shopping
daisojapan.com,90124,90124,5.8,1.1,7.1,Shopping
kns.ru,91426,91426,8.35,0.41,1.8,Shopping
bite.lt,91608,91608,6.7,0.67,3.7,Shopping
sony.com.mx,92620,92620,7.4,0.5,2.5,Shopping
motorland.by,92670,92670,6.2,0.78,4.62,Shopping
namebubbles.com,92905,92905,9.04,1.54,6.269,Shopping
searchingc.com,93167,93167,6.8,0.6,3.2,Shopping
ural-auto.ru,93864,93864,5.95,0.83,5.13,Shopping
mitungdomskort.dk,93940,93940,5.4,1.15,7.9,Shopping
kitchenwarehouse.com.au,94390,94390,6.8,0.56,3,Shopping
altrarunning.com,94833,94833,6.5,0.62,3.5,Shopping
membershipwireless.com,95816,95816,7.1,0.48,2.5,Shopping
letote.com,96024,96024,6.1,0.68,4.1,Shopping
papajogos.com.br,97496,97496,6.5,0.55,3.1,Shopping
gucn.com,98048,98048,5,1.2,8.6,Shopping
anylvl.com,98778,98778,6.4,0.55,3.2,Shopping
avery.ca,99327,99327,4.6,1.39,11,Shopping
perryellis.com,99964,99964,6.2,0.55,3.2,Shopping
date4sex.com,100281,100281,7,0.41,2.1,Shopping
vbena.com,100523,100523,4.4,1.6,13,Shopping
postupi.info,100870,100870,7.11,0.39,2.03,Shopping
lancome.com.cn,100917,100917,6.8,0.43,2.3,Shopping
zlacnene.sk,101014,101014,6.3,0.51,3,Shopping
costadelmar.com,102528,102528,5.6,0.64,4.2,Shopping
fresh-cards.ru,103051,103051,6.8,0.4,2.1,Shopping
atitkosflortjeid.com,103619,103619,5.9,0.54,3.3,Shopping
reigningchamp.com,103884,103884,5.4,0.66,4.5,Shopping
ehaier.com,104217,104217,6.1,0.48,2.9,Shopping
candere.com,104265,104265,5.4,0.64,4.3,Shopping
shikewo.com,104318,104318,4,1.9,18,Shopping
cort.com,104862,104862,5.2,0.71,5,Shopping
bike-centre.ru,105489,105489,5.08,0.75,5.37,Shopping
macappstore.org,105621,105621,7.8,0.28,1.3,Shopping
sports-tracker.com,105923,105923,7.6,0.29,1.4,Shopping
notino.co.uk,106360,106360,5.7,0.53,3.4,Shopping
liqui.io,106558,106558,6.7,0.36,1.9,Shopping
smartpakequine.com,106710,106710,5,0.74,5.5,Shopping
probikekit.co.uk,106850,106850,5.3,0.63,4.4,Shopping
bioclarity.com,106922,106922,7.7,0.28,1.3,Shopping
arvandkala.ir,107309,107309,5.6,0.54,3.5,Shopping
raleighusa.com,107436,107436,5.3,0.59,4.1,Shopping
vogue.ua,107873,107873,6.7,0.34,1.9,Shopping
gree.com,107890,107890,5.4,0.56,3.8,Shopping
indiemerchstore.com,108341,108341,5.9,0.45,2.8,Shopping
backmarket.de,108349,108349,6,0.43,2.6,Shopping
okaidi.fr,109303,109303,4.3,1.1,9,Shopping
travelmudet.com,109576,109576,5,0.65,4.8,Shopping
inpad.com.tw,109940,109940,5,0.63,4.6,Shopping
uaeresults.com,110100,110100,7.2,0.28,1.4,Shopping
digitamirgah.ir,110595,110595,7.2,0.28,1.4,Shopping
supersmart.com,110825,110825,5.8,0.42,2.7,Shopping
insportline.sk,110877,110877,5.4,0.49,3.3,Shopping
wholesalesuppliesplus.com,111683,111683,4.6,0.76,6.1,Shopping
narcisman.com,111782,111782,6.6,0.31,1.7,Shopping
ss.ua,111974,111974,4.5,0.82,6.7,Shopping
next.de,112360,112360,3.7,1.56,15,Shopping
mnogochernil.ru,112626,112626,6.5,0.31,1.8,Shopping
poradnikogrodniczy.pl,112791,112791,7,0.27,1.4,Shopping
coldsteel.com,113312,113312,5.2,0.49,3.5,Shopping
bakinity.biz,113555,113555,5.1,0.51,3.6,Shopping
lagranderecre.fr,113596,113596,5,0.54,3.9,Shopping
protoolreviews.com,113642,113642,6.8,0.28,1.5,Shopping
bugaboo.com,113782,113782,5.2,0.5,3.6,Shopping
simplicity.com,113944,113944,4.5,0.74,6.1,Shopping
vermontcountrystore.com,114022,114022,6.6,0.29,1.6,Shopping
outletpeak.com,114267,114267,5,0.54,4,Shopping
mypetwarehouse.com.au,114618,114618,5,0.54,4,Shopping
herrenausstatter.de,115444,115444,5.6,0.39,2.6,Shopping
be-stock.com,115908,115908,4.9,0.53,4,Shopping
cichic.com,117621,117621,4.7,0.54,4.1,Shopping
metraonline.com,118833,118833,5,0.45,3.3,Shopping
swissgear.com,119025,119025,4.8,0.49,3.8,Shopping
m-habitat.fr,119141,119141,6.9,0.23,1.3,Shopping
krasotka-market.ru,119498,119498,4.28,0.67,5.72,Shopping
farafan-market.com,119520,119520,5.5,0.34,2.3,Shopping
365games.co.uk,120381,120381,4.9,0.45,3.4,Shopping
whisky.fr,120562,120562,4.8,0.46,3.5,Shopping
network.hu,120573,120573,6.3,0.26,1.5,Shopping
brocantelab.com,120774,120774,5.2,0.38,2.6,Shopping
boatshop24.com,120961,120961,5.2,0.38,2.7,Shopping
santanderesfera.com.br,121019,121019,5.9,0.29,1.8,Shopping
liangpinpuzi.tmall.com,121448,121448,4.8,0.44,3.4,Shopping
menshop.men,121800,121800,7.33,0.2,1,Shopping
ericthecarguy.com,122891,122891,6.4,0.24,1.4,Shopping
allsports.jp,123146,123146,3.5,1.1,11,Shopping
recoilweb.com,123266,123266,6.2,0.25,1.5,Shopping
kindle.tmall.com,123331,123331,6.1,0.26,1.6,Shopping
boattest.com,123508,123508,5.8,0.28,1.8,Shopping
shevibe.com,124640,124640,4.2,0.56,4.8,Shopping
wowdeals.me,125167,125167,4.5,0.47,3.8,Shopping
pandora.tmall.com,125656,125656,4.7,0.41,3.2,Shopping
sportsgirl.com.au,125689,125689,4.2,0.54,4.7,Shopping
gunauction.com,126107,126107,4.9,0.36,2.7,Shopping
segmueller.de,126429,126429,4.5,0.44,3.6,Shopping
creativebug.com,126844,126844,4.4,0.45,3.7,Shopping
ultralightoutdoorgear.co.uk,126951,126951,4.5,0.44,3.6,Shopping
diymobileaudio.com,127402,127402,4.7,0.38,3,Shopping
mitula.de,127476,127476,5.7,0.26,1.6,Shopping
fashionvalet.com,127580,127580,4.2,0.53,4.7,Shopping
jandh.com,128193,128193,2.7,2.76,38,Shopping
iranshemsh.com,128354,128354,6.6,0.2,1.1,Shopping
raion-bin.com,128567,128567,4.7,0.37,2.9,Shopping
scgbuildingmaterials.com,128851,128851,5.2,0.29,2.1,Shopping
cwbook.com.tw,129518,129518,4.8,0.34,2.6,Shopping
ingles-markets.com,130139,130139,4.4,0.41,3.4,Shopping
bazaarbargh.ir,130178,130178,3.6,0.73,7.4,Shopping
arba.uz,130473,130473,3.9,0.55,5.1,Shopping
kleankanteen.com,130706,130706,4.6,0.37,3,Shopping
ariat.com,130796,130796,4.2,0.46,4,Shopping
ciadoslivros.com.br,131043,131043,6.4,0.2,1.1,Shopping
home.co.za,131692,131692,4.2,0.45,4,Shopping
greenpromocode.com,131821,131821,5.6,0.23,1.5,Shopping
wunderlich.de,132731,132731,3.3,0.87,9.5,Shopping
audiounion.jp,133141,133141,4.5,0.35,2.8,Shopping
canon.com.tw,133281,133281,4.2,0.41,3.6,Shopping
bokklubben.no,133418,133418,4.3,0.38,3.2,Shopping
hasaki.vn,133430,133430,4.1,0.44,3.9,Shopping
mstcecommerce.com,133759,133759,3.7,0.58,5.7,Shopping
toto.jp,133972,133972,5,0.27,2,Shopping
clubedoricardo.com.br,134655,134655,5.1,0.26,1.9,Shopping
suji.jp,134807,134807,3.7,0.58,5.8,Shopping
comiclist.com,135282,135282,5.6,0.22,1.4,Shopping
telenovelas.nl,135388,135388,4.8,0.29,2.2,Shopping
tramitespublicos.info.ve,135755,135755,5.8,0.2,1.3,Shopping
lenstore.co.uk,135792,135792,4.4,0.34,2.8,Shopping
angelplatz.de,136395,136395,3.6,0.56,5.7,Shopping
rhmodern.com,136968,136968,3.8,0.47,4.5,Shopping
perfectcircuitaudio.com,137059,137059,4.2,0.36,3.1,Shopping
hirewriters.com,137443,137443,3.9,0.44,4.2,Shopping
aferry.co.uk,137582,137582,4.5,0.31,2.5,Shopping
t2tea.com,137635,137635,3.8,0.47,4.6,Shopping
second-hand.it,137681,137681,3.2,0.78,8.8,Shopping
justpruvit.com,137813,137813,4.5,0.31,2.5,Shopping
felgenoutlet.de,137828,137828,4,0.42,3.9,Shopping
karaskustoms.com,137872,137872,3.5,0.58,6.1,Shopping
consul.ru,137887,137887,4.1,0.38,3.4,Shopping
promo.lk,137943,137943,3.9,0.44,4.2,Shopping
drankgigant.nl,138708,138708,4.1,0.38,3.4,Shopping
konamistyle.jp,139038,139038,5.2,0.22,1.6,Shopping
ibuk.pl,139246,139246,4.2,0.34,2.9,Shopping
kniga.de,139410,139410,4.1,0.37,3.3,Shopping
yellow.co.nz,139447,139447,4.5,0.29,2.3,Shopping
sourcebmx.com,140032,140032,3.7,0.47,4.7,Shopping
skugrid.com,140174,140174,3.7,0.45,4.5,Shopping
socksworks.com,140542,140542,4,0.36,3.3,Shopping
thegamecollection.net,140544,140544,4.3,0.31,2.6,Shopping
tsmshop.com,141319,141319,4.4,0.29,2.4,Shopping
ekonika.ru,142593,142593,3.4,0.55,6,Shopping
bustedtees.com,142781,142781,4.1,0.32,2.8,Shopping
errve.com,143030,143030,3.9,0.38,3.6,Shopping
productreportcard.com,143168,143168,4.3,0.29,2.5,Shopping
jiamm.cn,143938,143938,4.5,0.26,2.1,Shopping
iphoned.nl,144816,144816,5.2,0.19,1.4,Shopping
hunterdouglas.com,145138,145138,4.1,0.31,2.8,Shopping
wxxinyinye.com,146191,146191,2,1.6,20,Shopping
rosegoldandblack.com,146363,146363,4,0.31,2.9,Shopping
systemkamera-forum.de,146410,146410,3.9,0.33,3.1,Shopping
dondepiso.es,146702,146702,6.67,0.3,1.64,Shopping
foto-erhardt.de,146722,146722,4.3,0.26,2.2,Shopping
aferry.com,147367,147367,4.3,0.26,2.2,Shopping
drezzy.it,147618,147618,3.7,0.38,3.8,Shopping
dutramaquinas.com.br,147919,147919,4.1,0.28,2.5,Shopping
monespaceconso.com,147959,147959,3.3,0.52,5.8,Shopping
company-list.org,148405,148405,4.3,0.25,2.2,Shopping
zugspitze.de,148946,148946,3.9,0.31,2.9,Shopping
vergegirl.com,149170,149170,3.4,0.45,5,Shopping
uret.se,149199,149199,3.4,0.43,4.5,Shopping
feliubadalo.com,149249,149249,3.3,0.5,5.6,Shopping
bricogeek.com,149345,149345,4.4,0.23,1.9,Shopping
used.forsale,149502,149502,4.5,0.22,1.8,Shopping
carethy.es,149724,149724,3.8,0.32,3,Shopping
comprigo.in,149809,149809,4.9,0.19,1.5,Shopping
sony-mea.com,149991,149991,4.6,0.21,1.7,Shopping
loaf.com,150346,150346,3.5,0.38,4,Shopping
fyvor.com,150711,150711,4.4,0.23,1.9,Shopping
mixdrop.ru,151121,151121,3.9,0.29,2.7,Shopping
evwest.com,151332,151332,3.5,0.39,4.2,Shopping
digikey.it,151518,151518,3.5,0.38,4,Shopping
kugli.com,152891,152891,3.3,0.43,4.9,Shopping
greyhaze.co.uk,153203,153203,3.4,0.4,4.4,Shopping
b-o.ro,153245,153245,3,0.54,6.5,Shopping
woolandprince.com,153314,153314,2.9,0.63,8,Shopping
cityfurniture.com,153332,153332,3.1,0.5,5.8,Shopping
tgrn.co.kr,153515,153515,3.4,0.38,4,Shopping
narsense.com,154127,154127,4.6,0.19,1.5,Shopping
newbalance.com.br,155550,155550,3.5,0.35,3.7,Shopping
stylefile.com,155658,155658,3.9,0.26,2.4,Shopping
falter.at,155753,155753,4.4,0.2,1.7,Shopping
hozsklad.ua,155771,155771,2.5,0.95,14,Shopping
autodoc.sk,156133,156133,3.5,0.33,3.5,Shopping
petsonic.com,156358,156358,3.3,0.37,4,Shopping
fleetfeet.com,156689,156689,3.7,0.29,2.9,Shopping
nutcs.com,157341,157341,2.8,0.63,8.3,Shopping
superyachtfan.com,157620,157620,4.9,0.16,1.2,Shopping
madridcenter.com,157788,157788,2.9,0.51,6.4,Shopping
ovisat.com,158066,158066,3.1,0.42,4.9,Shopping
honeycolony.com,158105,158105,5,0.16,1.2,Shopping
chauvetdj.com,158541,158541,3.7,0.27,2.7,Shopping
denondj.com,158827,158827,3.7,0.27,2.7,Shopping
xietui.com,158852,158852,3.5,0.3,3.1,Shopping
wegotsoccer.com,159134,159134,3.5,0.3,3.2,Shopping
titano-store.com,159328,159328,2.7,0.67,9.2,Shopping
tilebar.com,160119,160119,3.5,0.3,3.2,Shopping
odla.nu,160424,160424,4,0.21,1.9,Shopping
habibs.com.br,160433,160433,3.4,0.32,3.5,Shopping
cifrus.ru,160860,160860,3.4,0.31,3.4,Shopping
hawaalive.com,160908,160908,3.9,0.22,2.1,Shopping
posterlounge.de,162309,162309,3.8,0.23,2.3,Shopping
tablette-tactile.net,162934,162934,4.7,0.16,1.2,Shopping
textiletorg.ru,163564,163564,3.4,0.3,3.3,Shopping
daleysfruit.com.au,163772,163772,3.4,0.28,2.9,Shopping
salexy.kz,164142,164142,3.9,0.21,1.9,Shopping
foot.fr,164486,164486,3.4,0.28,3,Shopping
coininvest.com,164535,164535,3.5,0.26,2.7,Shopping
mannlakeltd.com,164580,164580,2.8,0.51,6.8,Shopping
bulkbarn.ca,164842,164842,3.7,0.23,2.3,Shopping
zooplus.se,165064,165064,2.7,0.56,7.7,Shopping
vainillascrap.com,165717,165717,1.9,2.2,42,Shopping
takrazm.com,166240,166240,2.8,0.45,6,Shopping
brice.fr,166709,166709,3.2,0.31,3.5,Shopping
deagostini.jp,166785,166785,3.5,0.25,2.6,Shopping
replacedirect.nl,167435,167435,3.1,0.33,3.9,Shopping
gruenwelt.de,168039,168039,3.6,0.22,2.3,Shopping
burgertuning.com,168718,168718,3.3,0.27,2.9,Shopping
mydizajn.ru,169686,169686,4.4,0.15,1.3,Shopping
poshvu.ru,170050,170050,3,0.34,4.2,Shopping
pepa.cz,170289,170289,3.4,0.24,2.6,Shopping
avasflowers.net,171053,171053,3.3,0.26,3,Shopping
revlon.com,171258,171258,3.7,0.2,2,Shopping
topcashback.in,171314,171314,2.8,0.38,4.9,Shopping
nebo.ru,171348,171348,3.2,0.28,3.2,Shopping
countryrebel.com,171388,171388,4,0.17,1.5,Shopping
astratex.sk,171402,171402,2.9,0.37,4.8,Shopping
apexembdesigns.com,171664,171664,2.8,0.41,5.4,Shopping
g-central.com,171974,171974,3.7,0.19,1.9,Shopping
bikester.be,172021,172021,2.9,0.35,4.5,Shopping
jmoashop.jp,172293,172293,2.7,0.43,5.9,Shopping
nuxe.com,172554,172554,2.9,0.34,4.3,Shopping
maxitoys.fr,172611,172611,3.6,0.2,2.1,Shopping
correomagico.com,173061,173061,2.9,0.32,4,Shopping
gocart.jp,173351,173351,2.9,0.32,4.1,Shopping
amway.kz,173600,173600,2.5,0.53,7.8,Shopping
bitvalor.com,173942,173942,4.7,0.13,1,Shopping
nashemnenie.com,173982,173982,4.5,0.13,1.1,Shopping
safirstores.com,174646,174646,3,0.3,3.8,Shopping
mountainhardwear.jp,174782,174782,2.6,0.47,6.7,Shopping
artsycraftsydad.com,174825,174825,2.5,0.5,7.3,Shopping
speedcube.com.au,174929,174929,4.1,0.15,1.4,Shopping
kieskeurig.be,174992,174992,3.7,0.19,1.9,Shopping
couponandgo.com,175913,175913,4.1,0.15,1.3,Shopping
bricodepot.ro,177042,177042,2.6,0.41,5.9,Shopping
fmexpressions.com,177644,177644,2.9,0.31,4,Shopping
songofstyle.com,178234,178234,3.3,0.21,2.4,Shopping
aafnation.com,178703,178703,3.1,0.25,3,Shopping
ir-xe.com,178956,178956,3.3,0.21,2.3,Shopping
argentdubeurre.com,179758,179758,4,0.14,1.3,Shopping
postfreeadshere.com,180217,180217,2.7,0.35,4.8,Shopping
landwarriorairsoft.com,180687,180687,3,0.25,3.1,Shopping
homeless.co.il,181908,181908,3.1,0.23,2.7,Shopping
cambond.myshopify.com,182120,182120,3,0.25,3,Shopping
svet-svietidiel.sk,182240,182240,2.8,0.3,3.9,Shopping
carved.com,182718,182718,2.9,0.25,3.1,Shopping
nogameb.com,182752,182752,3.5,0.17,1.8,Shopping
technopro-online.com,182862,182862,3.3,0.19,2.1,Shopping
diskomir.ru,183798,183798,2.6,0.33,4.6,Shopping
4sedan.com,183826,183826,2.5,0.38,5.5,Shopping
bepal.net,184047,184047,3.4,0.18,1.9,Shopping
ultrasport.ru,185227,185227,3.2,0.2,2.3,Shopping
leatherology.com,185517,185517,2.5,0.36,5.3,Shopping
reppa.de,186154,186154,2.6,0.32,4.5,Shopping
japan-ave.com,187474,187474,2.6,0.32,5,Shopping
lehmans.com,187539,187539,2.8,0.25,3.2,Shopping
visitlink.net,187614,187614,3.9,0.13,1.3,Shopping
thewarstore.com,187823,187823,2.5,0.33,4.7,Shopping
giftsnideas.com,187855,187855,2.5,0.35,5.1,Shopping
allfordj.ru,188437,188437,3.2,0.19,2.2,Shopping
hondaworld.ru,188614,188614,2.6,0.31,4.4,Shopping
body-attack.de,188647,188647,2.8,0.25,3.3,Shopping
andelemandele.lv,188664,188664,1.9,0.89,17,Shopping
pixajoy.com.my,189358,189358,2.4,0.39,6,Shopping
get.com,190249,190249,3.6,0.14,1.5,Shopping
alisovet.ru,190252,190252,3.8,0.13,1.3,Shopping
yomonda.de,190400,190400,2.6,0.28,3.9,Shopping
rcscomponents.kiev.ua,190445,190445,3.1,0.19,2.3,Shopping
svensktkosttillskott.se,190675,190675,2.8,0.25,3.3,Shopping
hyperyek.com,191227,191227,2.3,0.42,6.9,Shopping
sonnettech.com,191320,191320,3,0.19,2.3,Shopping
ona-znaet.ru,192811,192811,4,0.12,1.1,Shopping
rondomusic.com,194301,194301,2.7,0.24,3.2,Shopping
bitcash.com,194766,194766,2,0.55,9.8,Shopping
sims-real4.ru,195148,195148,2.3,0.35,5.5,Shopping
iv.lt,195720,195720,2.6,0.27,3.8,Shopping
sanitaire-distribution.fr,195867,195867,3.1,0.18,2.1,Shopping
bjdclub.ru,196659,196659,2.6,0.25,3.6,Shopping
a-alvarez.com,196897,196897,3.4,0.14,1.5,Shopping
petmountain.com,197720,197720,2.9,0.19,2.5,Shopping
beautymuscle.net,197868,197868,2.4,0.31,4.8,Shopping
hph.co.ir,197938,197938,2.2,0.39,6.6,Shopping
dukkansd.com,197988,197988,1.9,0.69,14,Shopping
redhotchilipeppers.com,198773,198773,3,0.17,2.1,Shopping
qatardutyfree.com,198964,198964,2.7,0.21,2.9,Shopping
toyota.sk,199248,199248,2.8,0.2,2.7,Shopping
martin.com,199413,199413,2.8,0.19,2.5,Shopping
fakeyourdrank.com,199565,199565,2.3,0.32,5,Shopping
gsmforum.su,199712,199712,3.2,0.15,1.6,Shopping
urbanarts.com.br,199775,199775,2.3,0.31,4.9,Shopping
packhacker.com,199776,199776,3,0.17,2.1,Shopping
caobao.com,199910,199910,2.8,0.2,3,Shopping
grandtechno.ru,199937,199937,2.6,0.22,3.1,Shopping
imn.jp,200007,200007,3.4,0.13,1,Shopping
bloomex.ca,200352,200352,2.4,0.29,4.6,Shopping
theclassyhome.com,200561,200561,2.6,0.22,3.1,Shopping
lushome.com,200588,200588,3,0.17,2.1,Shopping
taocaiwu.com,201335,201335,2,0.65,10,Shopping
espertoautoricambi.it,201588,201588,3,0.16,2,Shopping
kaimin-times.com,201657,201657,3.6,0.12,1,Shopping
helpforest.com,201832,201832,3.8,0.11,1,Shopping
cinesamples.com,202067,202067,3.2,0.14,1.6,Shopping
rbfeet.com,202186,202186,1.8,0.73,15,Shopping
rhinorack.com,202985,202985,2.4,0.26,4,Shopping
digitamir.com,204215,204215,2.1,0.36,6.2,Shopping
wilsoncombat.com,204467,204467,2.8,0.18,2.4,Shopping
ciggiesworld.ch,204548,204548,2.5,0.24,3.5,Shopping
kalkifashion.com,204555,204555,2.5,0.23,3.3,Shopping
artesanatobrasil.net,204559,204559,3.5,0.12,1.3,Shopping
planetaperu.pe,205102,205102,3,0.16,1.9,Shopping
zarban.ca,205913,205913,3.5,0.11,1.2,Shopping
ozracing.com,207098,207098,2.5,0.22,3.3,Shopping
michaelsweddings.com,207844,207844,2.3,0.27,4.3,Shopping
calida.com,207916,207916,2.1,0.37,6.5,Shopping
interieridizain.ru,207949,207949,3.2,0.13,1.4,Shopping
casinamia.com,208266,208266,3.6,0.11,1.1,Shopping
americanbookwarehouse.com,208276,208276,3.2,0.13,1.4,Shopping
fusil-calais.com,208508,208508,3,0.14,1.7,Shopping
arianltd.com,208518,208518,2.6,0.2,2.9,Shopping
remontdoma24.ru,208613,208613,2,0.37,6.7,Shopping
peppynet.com,209106,209106,2.9,0.15,2,Shopping
1800wheelchair.com,210083,210083,2.7,0.17,2.3,Shopping
polyteknisk.dk,210147,210147,2.3,0.24,3.8,Shopping
le-parnass.com,210539,210539,3.1,0.13,1,Shopping
terrasport.ua,210724,210724,2.5,0.2,3,Shopping
credomarket.com,210860,210860,3.5,0.11,1.1,Shopping
maiak-m.bg,211113,211113,2.5,0.19,2.8,Shopping
krason.ru,212442,212442,2.4,0.22,3.3,Shopping
buymebel.by,213011,213011,1.8,0.55,11,Shopping
e-auto.com.mx,213125,213125,2,0.36,6.6,Shopping
1340gallery.com,213517,213517,2.6,0.18,2.6,Shopping
favore.pl,214102,214102,3,0.13,1.7,Shopping
transcat.com,214162,214162,3,0.13,1.6,Shopping
savantmag.com,214254,214254,3.5,0.1,1.1,Shopping
rennfest.com,214413,214413,2.3,0.22,3.5,Shopping
irclearance.com,214725,214725,2.9,0.14,1.8,Shopping
snailhouse.com.tw,216629,216629,1.6,0.64,14,Shopping
larsonjewelers.com,216683,216683,2.7,0.15,2.1,Shopping
gcoins.net,216892,216892,2,0.31,5.5,Shopping
spreadshirt.pl,217218,217218,2.8,0.14,1.8,Shopping
colrd.com,217262,217262,2.8,0.14,1.8,Shopping
elektroshopwagner.de,217321,217321,2.7,0.15,2,Shopping
kaixinguopiao.com,217347,217347,2,0.32,6,Shopping
partselect.ca,218322,218322,2.3,0.22,3.6,Shopping
mainkeys.net,218520,218520,3.1,0.12,1.4,Shopping
fermedebeaumont.com,218539,218539,2.4,0.2,3.1,Shopping
edgeandsofa.jp,218889,218889,2.4,0.19,3,Shopping
yutori.co.jp,218980,218980,3.1,0.12,1,Shopping
offers.vn,219016,219016,2.6,0.16,2.3,Shopping
soccerloco.com,219451,219451,2.4,0.18,2.8,Shopping
indiashopps.com,220103,220103,1.8,0.42,8.4,Shopping
dwsports.com,220427,220427,2.1,0.24,4.1,Shopping
stoffe-hemmers.de,220520,220520,2,0.29,5.2,Shopping
samarafishing.ru,220531,220531,2,0.29,5.3,Shopping
camisetafeitadepet.com.br,221167,221167,3.1,0.11,1,Shopping
riotsociety.com,221305,221305,2.1,0.27,4.9,Shopping
calcprofi.com,221504,221504,3.1,0.11,1.3,Shopping
9thws.com,221986,221986,2.5,0.16,2,Shopping
genelife.jp,223745,223745,2.4,0.17,3,Shopping
wooxify.com,223792,223792,2.5,0.16,2.4,Shopping
chookandgeek.ru,224998,224998,2.3,0.19,3,Shopping
golfbox.com.au,225235,225235,1.9,0.29,5.4,Shopping
normansrareguitars.com,225407,225407,2,0.27,4.9,Shopping
fifo.sk,225590,225590,1.8,0.34,6.7,Shopping
buyspares.es,225736,225736,2.4,0.17,2.6,Shopping
vizpartsdirect.com,225772,225772,2.1,0.22,3.7,Shopping
milkshaving.info,225930,225930,3.4,0.09,1,Shopping
xfit.ru,226739,226739,2.2,0.2,3.3,Shopping
kitstore.jp,227516,227516,2.3,0.18,3,Shopping
zoon.az,227790,227790,2.8,0.12,1.6,Shopping
akaricenter.com,228300,228300,2.4,0.16,2,Shopping
towsure.com,228434,228434,2.2,0.19,3.1,Shopping
dynaudio.com,228468,228468,2.3,0.17,2.7,Shopping
skrivnikontakt.com,228822,228822,1.9,0.28,5.3,Shopping
whatsyourdreamcar.com,229014,229014,3.2,0.1,1.1,Shopping
wd40.com,229094,229094,2.5,0.14,2,Shopping
mydomainehome.com.au,229435,229435,2.5,0.15,2.2,Shopping
usedairsoft.co.uk,229892,229892,1.8,0.35,7.3,Shopping
hiwaldo.com,230824,230824,2.2,0.18,3,Shopping
tryandreview.com,231259,231259,1.9,0.26,4.9,Shopping
idea-shopping.it,231388,231388,2.7,0.12,1.6,Shopping
preventivi.it,231698,231698,2.2,0.18,2.9,Shopping
panasonic.tmall.com,231780,231780,2,0.18,3,Shopping
shopnasa.com,232064,232064,1.9,0.27,5.3,Shopping
qloudea.com,232537,232537,2.4,0.15,2.2,Shopping
computeandmore.com,232750,232750,1.7,0.4,8.7,Shopping
greekgear.com,232824,232824,2.2,0.18,3,Shopping
gatta.pl,233769,233769,1.9,0.25,4.8,Shopping
compado.at,233788,233788,3.1,0.09,1.1,Shopping
usbkill.com,234262,234262,2.5,0.14,2,Shopping
4rgos.it,234415,234415,2.9,0.1,1.3,Shopping
shy7lo.com,234827,234827,1.9,0.24,4.4,Shopping
store-cebedmpn.mybigcommerce.com,234995,234995,2.3,0.16,2.5,Shopping
shopomo.com,235428,235428,3.2,0.09,1,Shopping
lastminute-auction.com,236967,236967,1.8,0.3,6.3,Shopping
10toptest.de,237072,237072,3.1,0.09,1,Shopping
kitaec.ua,237352,237352,1.9,0.23,4.3,Shopping
rectecgrills.com,237954,237954,2,0.21,3.9,Shopping
audi.at,237976,237976,2.1,0.19,3.4,Shopping
mangarden.pl,238643,238643,1.6,0.38,8.4,Shopping
olele.bg,238854,238854,2.2,0.17,2.8,Shopping
juraprofi.de,239413,239413,2,0.21,3.9,Shopping
hikvision.tmall.com,239657,239657,2,0.17,3,Shopping
aftco.com,239818,239818,2.2,0.16,2.7,Shopping
minnetonkamoccasin.com,239901,239901,2,0.2,3.7,Shopping
agahisabz.com,239990,239990,1.5,0.55,14,Shopping
dedoles.sk,240229,240229,2.1,0.18,3.1,Shopping
bollywoodbreakfast.com,240630,240630,2.7,0.11,1.4,Shopping
trevcoinc.com,241602,241602,1.5,0.51,13,Shopping
husqvarnaviking.com,242068,242068,2.1,0.17,2.9,Shopping
codetable.net,242211,242211,2.4,0.13,2,Shopping
compareandrecycle.co.uk,242233,242233,2.1,0.17,3.1,Shopping
shouhizei.info,242242,242242,2.6,0.11,2,Shopping
studio-22.com,243042,243042,2.1,0.17,3,Shopping
beauti-full.ru,243131,243131,1.9,0.22,4.4,Shopping
romanogioielli.it,243256,243256,1.3,0.79,22,Shopping
boardgame.vn,243401,243401,2.1,0.17,3,Shopping
mod.kz,243929,243929,2.9,0.09,1.1,Shopping
vesternet.com,243964,243964,2,0.17,3.1,Shopping
sferaufficio.com,245092,245092,2,0.19,3.5,Shopping
kopirka.ru,245218,245218,2.2,0.15,2.5,Shopping
1upnutrition.com,245289,245289,1.9,0.2,3.8,Shopping
phytolift.jp,245309,245309,2,0.18,3,Shopping
colchones.es,245635,245635,2.2,0.14,2.3,Shopping
carlings.com,245671,245671,1.7,0.27,5.7,Shopping
mgbwhome.com,245788,245788,1.9,0.2,4,Shopping
aventiran.ir,246055,246055,1.7,0.28,6.1,Shopping
wiwaa.com,246387,246387,1.5,0.42,10,Shopping
zoro.co.uk,247028,247028,2.9,0.09,1.1,Shopping
murasaki.jp,247135,247135,2.1,0.15,3,Shopping
alltricks.es,247527,247527,1.8,0.23,4.6,Shopping
urmode.net,247651,247651,1.5,0.37,8.8,Shopping
trend-city.ru,248209,248209,2.2,0.14,2.3,Shopping
yogaaccessories.com,248378,248378,2,0.18,3.3,Shopping
wildfashion.ro,248947,248947,1.8,0.24,5.1,Shopping
grastin.ru,249173,249173,2,0.17,3,Shopping
soinpeau.ru,249259,249259,2.9,0.08,1.1,Shopping
unpretei.com,249588,249588,2,0.19,4,Shopping
todaystyle.org,249902,249902,2.2,0.14,2.3,Shopping
lie-nielsen.com,249967,249967,1.8,0.24,4.9,Shopping
wellfix.ru,250012,250012,2.4,0.11,1.8,Shopping
booknet.co.il,251152,251152,1.9,0.2,3.9,Shopping
bo-doya.com,251459,251459,2,0.29,7,Shopping
packingsupply.in,251877,251877,1.6,0.28,6.2,Shopping
change.com,252116,252116,1.7,0.25,5.3,Shopping
gommejohnpitstop.it,252460,252460,1.9,0.18,3.4,Shopping
grupok-2.com,253441,253441,1.8,0.2,4.1,Shopping
sharray.net,253731,253731,2.3,0.12,1.9,Shopping
pce-iberica.es,254700,254700,2.7,0.09,1.2,Shopping
zhiaronline.com,255130,255130,2.3,0.11,1.8,Shopping
annybear.com,255675,255675,2.2,0.13,2.1,Shopping
skinon.ru,256513,256513,1.6,0.26,5.9,Shopping
onlinegazeta.info,256947,256947,2.2,0.12,2,Shopping
jawoll.de,257017,257017,1.8,0.18,3.6,Shopping
yoursclothing.pl,257241,257241,1.6,0.27,6.1,Shopping
badassglass.com,257288,257288,2,0.15,2.9,Shopping
burza.com.hr,257889,257889,1.9,0.17,3.3,Shopping
mbeans.com,258025,258025,2.1,0.13,2.3,Shopping
bsmith.ru,258181,258181,1.7,0.23,5,Shopping
homeone.com.au,258904,258904,2.3,0.11,1.7,Shopping
magnum.kz,259812,259812,1.8,0.17,3.5,Shopping
ee.ge,260137,260137,1.6,0.27,6.2,Shopping
smarthome.guide,260820,260820,2.4,0.1,1.5,Shopping
windeln.ch,260883,260883,1.8,0.17,3.5,Shopping
lanecrawford.com.cn,260887,260887,2,0.18,4,Shopping
usaknifemaker.com,260907,260907,1.6,0.25,5.9,Shopping
guide.com,261760,261760,1.9,0.15,2.9,Shopping
xn----8sbalcgsi5aih6o.xn--p1ai,261821,261821,1.8,0.17,3.4,Shopping
moonbasanails.com,262068,262068,1.1,0.87,28,Shopping
toys.com.ua,262255,262255,1.7,0.21,4.6,Shopping
tvoytrofey.ru,262309,262309,2.2,0.11,1.8,Shopping
xileclothing.com,263396,263396,1,0.37,10,Shopping
centralandme.com,263492,263492,2.1,0.12,2.2,Shopping
alatmusikindonesia.com,263531,263531,2.4,0.1,1.5,Shopping
carreta.ru,263680,263680,1.8,0.17,3.4,Shopping
mcelhinneys.com,264184,264184,1.8,0.16,3.2,Shopping
paravar.ir,264836,264836,1.6,0.24,5.5,Shopping
flywatch.co.kr,265926,265926,1.5,0.3,7.7,Shopping
citroenselect.fr,266737,266737,2.1,0.12,2,Shopping
apple543.com,267122,267122,2,0.12,2.2,Shopping
ural-toys.ru,268609,268609,1.4,0.35,9.3,Shopping
strada-est.com,268759,268759,2.4,0.09,1,Shopping
appliancecity.co.uk,268788,268788,1.6,0.21,4.7,Shopping
hetiolcso.hu,269702,269702,1.7,0.17,3.6,Shopping
vetrxdirect.com,269766,269766,1.9,0.13,2.6,Shopping
ihealth24.co.kr,269993,269993,2.4,0.09,1.4,Shopping
sneakergps.jp,270006,270006,2.4,0.09,1,Shopping
culturehustle.com,270377,270377,1.9,0.14,2.8,Shopping
sarafiarkan.com,270828,270828,2.1,0.1,1.8,Shopping
fotojoker.pl,271404,271404,1.9,0.14,2.6,Shopping
sunset-camera.com,271419,271419,2,0.12,2,Shopping
sabad98.com,271921,271921,1.4,0.35,9.4,Shopping
2beshop.com,271984,271984,2.2,0.1,1.7,Shopping
seekatesew.com,272046,272046,2.1,0.11,1.9,Shopping
mooremedical.com,272129,272129,2.1,0.11,2,Shopping
cbsstore.com,273640,273640,2.1,0.11,1.9,Shopping
madame.de,274013,274013,1.8,0.14,2.8,Shopping
mojalbum.com,274162,274162,1.5,0.22,5.2,Shopping
nhanhquadi.com,274368,274368,2,0.11,2.1,Shopping
jacksonandperkins.com,274608,274608,1.8,0.14,3,Shopping
yasiv.com,274653,274653,2.2,0.09,1.5,Shopping
hkwalker.hk,275054,275054,1.1,0.9,32,Shopping
gigaparts.net,275143,275143,1.8,0.15,3.1,Shopping
hansanders.nl,277002,277002,1.6,0.19,4.3,Shopping
industrystock.de,277192,277192,2,0.1,1.9,Shopping
viabill.dk,277628,277628,2,0.11,2,Shopping
radley.co.uk,278341,278341,1.7,0.16,3.5,Shopping
mtckitchen.com,278372,278372,1.7,0.15,3.1,Shopping
kharazishop.ir,278452,278452,1.5,0.22,5.3,Shopping
modaparahomens.com.br,279292,279292,2.3,0.08,1.3,Shopping
littletikes.com,279678,279678,1.8,0.13,2.6,Shopping
rublklub.ru,279742,279742,1.6,0.17,3.8,Shopping
bookfinder4u.com,279834,279834,1.3,0.32,8.8,Shopping
shopredone.com,279839,279839,1.7,0.15,3.1,Shopping
eaparts.gr,280048,280048,1.8,0.14,2.8,Shopping
kumhotireusa.com,280068,280068,2.2,0.09,1.5,Shopping
sandlife.com.cn,280288,280288,1,0.21,5,Shopping
sageflyfish.com,280894,280894,1.6,0.16,3.6,Shopping
fuelo.net,281000,281000,1.8,0.13,2.6,Shopping
scarpescarpestore.com,281341,281341,1.5,0.23,5.7,Shopping
storesquare.be,281720,281720,2,0.1,1.9,Shopping
bygma.dk,281749,281749,1.6,0.17,4,Shopping
aanyalinen.com,281889,281889,1.3,0.31,8.7,Shopping
watsons.com,282690,282690,1.6,0.17,4,Shopping
figpin.com,282761,282761,1.7,0.14,3,Shopping
print.sa,282897,282897,1.2,0.41,12,Shopping
essentialhome.eu,283162,283162,2.3,0.08,1.2,Shopping
mypets.gift,283318,283318,2,0.1,1.8,Shopping
msiyxb.tmall.com,283696,283696,2,0.13,3,Shopping
cartepedia.ro,284058,284058,2,0.1,1.8,Shopping
yougotagift.com,284253,284253,1.9,0.11,2.2,Shopping
stuffi.fr,284853,284853,2.1,0.09,1.6,Shopping
shinshilka.ua,284982,284982,1.6,0.17,3.9,Shopping
kilimall.co.ug,285030,285030,1.7,0.15,3.3,Shopping
103apteka.kz,285223,285223,1.9,0.11,2.3,Shopping
amazonshopping.pk,285299,285299,2.1,0.09,1.6,Shopping
aosom.es,285544,285544,1.7,0.15,3.3,Shopping
aidershop.com,285927,285927,1.8,0.12,2.5,Shopping
blackstaramps.com,285981,285981,1.8,0.12,2.3,Shopping
ifollow24.com,286382,286382,2,0.1,1.8,Shopping
delightfull.eu,286572,286572,1.9,0.1,2,Shopping
911signal.com,286809,286809,1,0.19,5,Shopping
shophealthy.in,286920,286920,2,0.1,1.8,Shopping
whirlpool.com.hk,287081,287081,1.6,0.17,4,Shopping
itshot.com,287533,287533,1.5,0.19,4.5,Shopping
discountdecor.co.za,287548,287548,1.5,0.19,4.6,Shopping
web-free-ads.com,287570,287570,1.4,0.24,6.2,Shopping
banehshop.com,287777,287777,1.7,0.13,2.9,Shopping
lacelab.com,288450,288450,1.6,0.15,3.5,Shopping
bingohall.com,288599,288599,1.5,0.17,4.1,Shopping
pixyinsta.com,289268,289268,2.5,0.07,1,Shopping
kowsareshop.com,289565,289565,1.4,0.23,6.1,Shopping
kadocard.ir,289636,289636,1.5,0.19,4.9,Shopping
stampaestampe.it,289650,289650,1.4,0.21,5.4,Shopping
mimarket.es,289697,289697,1.7,0.13,2.7,Shopping
tavik.com,289941,289941,1.1,0.62,21,Shopping
emtek.com,290059,290059,1.4,0.22,5.8,Shopping
musicrepo.com,290342,290342,2.3,0.08,1.2,Shopping
moped-garage.net,290561,290561,1.2,0.4,13,Shopping
tepleko.ru,291261,291261,1.9,0.11,2.1,Shopping
yourwdwstore.net,291493,291493,1.6,0.14,3.2,Shopping
dohasooq.com,292587,292587,1.5,0.16,3.8,Shopping
biznes-stil.ru,293115,293115,1.4,0.21,5.4,Shopping
vongo.tn,294556,294556,1.5,0.17,4.3,Shopping
azn.today,294834,294834,2.3,0.07,1.1,Shopping
wvbs.org,295285,295285,1.3,0.27,7.9,Shopping
homac.co.jp,295387,295387,2,0.09,2,Shopping
asuscenter.ir,295526,295526,1.9,0.1,1.9,Shopping
colorit.com,296109,296109,1.9,0.09,1.8,Shopping
dropshipdirect.com,296174,296174,1.5,0.17,4.2,Shopping
supernational.co.jp,296212,296212,2,0.09,2,Shopping
cellbes.se,296945,296945,1.5,0.16,3.8,Shopping
havit.hk,297152,297152,1.8,0.11,2.2,Shopping
ad.fr,298245,298245,1.6,0.13,3,Shopping
hobbywarehouse.com.au,298673,298673,1.7,0.12,2.6,Shopping
suitsuit.com,299291,299291,1,0.27,8,Shopping
cashbe.ru,299505,299505,1.8,0.1,2.1,Shopping
coinsmoscow.ru,300088,300088,1.5,0.15,3.8,Shopping
superstep.ru,300382,300382,1.4,0.17,4.3,Shopping
wisteria.com,301221,301221,1.5,0.15,3.5,Shopping
tpmsg.com,301931,301931,1,0.24,7,Shopping
tenthousandvillages.com,302053,302053,1.6,0.13,3,Shopping
evomotorsusa.com,302249,302249,1.3,0.2,5.4,Shopping
chrono24.com.br,302437,302437,1.4,0.19,5,Shopping
live-science.co.jp,303049,303049,1,0.39,10,Shopping
acmecorp.com,303192,303192,1.4,0.18,4.9,Shopping
antihiv.ir,303296,303296,1.6,0.13,3,Shopping
kawasakininja300.com,303401,303401,1.8,0.1,2,Shopping
aigan.co.jp,303472,303472,2,0.1,2,Shopping
comercialpazos.com,303567,303567,1.6,0.13,3.1,Shopping
laptop.lk,304139,304139,1.7,0.1,2.2,Shopping
ssgpay.com,304296,304296,2,0.08,1.4,Shopping
funktion-one.com,304788,304788,1.6,0.13,3,Shopping
azaleasf.com,305060,305060,1.6,0.12,2.8,Shopping
avem.fr,305515,305515,1.7,0.1,2.1,Shopping
tajnikontakt.com,305540,305540,2.2,0.07,1.1,Shopping
transglobalexpress.de,305734,305734,1.7,0.1,2.1,Shopping
ostore.kg,305938,305938,1.6,0.11,2.5,Shopping
lilysilk.com,306455,306455,1.7,0.11,2.3,Shopping
printasia.in,306484,306484,1.2,0.26,8,Shopping
playbazar.it,306862,306862,2.1,0.07,1.3,Shopping
fitnessrepairparts.com,306950,306950,1.6,0.12,2.9,Shopping
dezignwithaz.com,307006,307006,1.1,0.35,12,Shopping
electropapa.com,307065,307065,1.5,0.13,3,Shopping
rossmann.com.tr,307120,307120,1.5,0.13,3.1,Shopping
gongsupshop.com,307963,307963,1.8,0.09,1.9,Shopping
spaceforbuy.com,308111,308111,1.9,0.08,1.5,Shopping
kurierem.pl,308670,308670,1.6,0.11,2.6,Shopping
townleygirl.com,308857,308857,0.99,0.53,20,Shopping
teresinaeshop.com.br,308896,308896,0.92,0.74,29,Shopping
ditogear.com,309119,309119,1.8,0.09,1.8,Shopping
olux.is,309255,309255,1.7,0.1,2.1,Shopping
aimua24h.com,309314,309314,1.4,0.17,4.5,Shopping
petsonic.fr,309508,309508,1.3,0.18,4.8,Shopping
shinnihonseiyaku.co.jp,309778,309778,2,0.09,2,Shopping
novomarket.net,309868,309868,1.4,0.16,4.12,Shopping
dxracerbrasil.com.br,310219,310219,1.4,0.15,3.9,Shopping
praxairdirect.com,310941,310941,1.7,0.1,2.1,Shopping
searscard.com,311101,311101,2.2,0.06,1,Shopping
cellbes.cz,311125,311125,1.4,0.16,4.3,Shopping
totalhomesupply.com,311694,311694,2.1,0.07,1.2,Shopping
tonosevilla.es,312153,312153,1.3,0.17,4.7,Shopping
luxpro.ua,312164,312164,1.6,0.12,2.8,Shopping
brouwmarkt.nl,312547,312547,1.4,0.16,4.3,Shopping
wardrobeshop.com,312666,312666,0.98,0.51,19,Shopping
crafthtv.com,312709,312709,1.5,0.14,3.4,Shopping
hobbyzone.com,312848,312848,1.6,0.1,2.3,Shopping
goodz-world.myshopify.com,313228,313228,0.96,0.55,21,Shopping
biciescapa.com,313378,313378,1.5,0.13,3.3,Shopping
corebicycle.com,313456,313456,1.5,0.12,2.8,Shopping
alibaba.com.cn,313878,313878,2.2,0.06,1,Shopping
jianiang.cn,313917,313917,2,0.06,1,Shopping
ohara.su,314071,314071,1,0.4,14,Shopping
goettgen.de,314415,314415,1.7,0.1,2.2,Shopping
jiagle.com,314529,314529,2,0.07,1,Shopping
suumocounter.jp,314877,314877,1,0.22,7,Shopping
info-world.gr,314905,314905,1.6,0.1,2.3,Shopping
hertha.tmall.com,315329,315329,2,0.06,1,Shopping
my-spexx.de,315391,315391,1.4,0.15,4,Shopping
recycledevice.com,316325,316325,1.3,0.19,5.5,Shopping
eastmadisontoyota.com,316403,316403,1.6,0.11,2.5,Shopping
hallmark.nl,316637,316637,1.2,0.24,7.4,Shopping
berkeyfilters.com,317048,317048,1.5,0.12,2.8,Shopping
telemark-pyrenees.com,317167,317167,1.4,0.14,3.7,Shopping
bihada-mania.jp,317890,317890,1,0.27,9,Shopping
kalyan4you.ru,318172,318172,1.4,0.14,3.8,Shopping
compraspacuba.com,318498,318498,1,0.32,10,Shopping
benchimo.com,318864,318864,1.2,0.22,6.8,Shopping
diferencialprint.com.br,318931,318931,1.5,0.11,2.7,Shopping
amanmarket.com,319594,319594,1.9,0.07,1.3,Shopping
pimoroni.de,319628,319628,1.5,0.12,3.1,Shopping
nurtuba.com.tr,320437,320437,1.3,0.16,4.5,Shopping
hosatech.com,320720,320720,1,0.14,4,Shopping
rabattcorner.ch,321012,321012,1.3,0.15,4,Shopping
adventistbookcenter.com,321033,321033,1.5,0.11,2.6,Shopping
cezanne.co.jp,321232,321232,1,0.11,3,Shopping
artik.com,321418,321418,1.2,0.19,5.7,Shopping
mahindrausa.com,321493,321493,1.5,0.11,2.6,Shopping
antallaktikaexartimata.gr,321511,321511,1.4,0.14,3.6,Shopping
thebookpatch.com,321977,321977,1.4,0.12,3.1,Shopping
caganu.com,322115,322115,1.3,0.15,4,Shopping
reifenleader.de,322554,322554,1.2,0.21,6.6,Shopping
plushbeds.com,322674,322674,1.6,0.09,2,Shopping
kuechenportal.de,322708,322708,2,0.07,1.2,Shopping
homemakers.com,322938,322938,1.3,0.16,4.7,Shopping
sentaifilmworks.com,322951,322951,1.6,0.1,2.4,Shopping
aeg.com.es,323288,323288,1.3,0.15,4.1,Shopping
aquacave.com,323469,323469,1.4,0.13,3.3,Shopping
premiumusb.com,323538,323538,1.8,0.08,1.6,Shopping
foto-zumstein.ch,324385,324385,1.5,0.11,2.8,Shopping
dampferhuette.at,324747,324747,1.1,0.29,9.9,Shopping
saveyou.ru,325212,325212,1.3,0.14,3.8,Shopping
seiboncarbon.com,325237,325237,1.4,0.12,3.1,Shopping
nextag.de,325380,325380,1.7,0.08,1.7,Shopping
creativ-girls.de,325387,325387,0.82,0.87,39,Shopping
sunstones.ua,325642,325642,1.4,0.13,3.6,Shopping
mousoulis.gr,325724,325724,1.1,0.24,7.8,Shopping
aconholidays.com,326178,326178,1.6,0.09,2.2,Shopping
bagiraclub.ru,326473,326473,2,0.06,1.1,Shopping
hacktronics.co.in,326482,326482,1.5,0.1,2.4,Shopping
idealista.fi,326568,326568,1.6,0.09,1.9,Shopping
loveandbravery.com,326597,326597,1.2,0.18,5.6,Shopping
whitegoods.ru,326607,326607,1.4,0.13,3.3,Shopping
sizeer.cz,327345,327345,1.3,0.14,3.8,Shopping
crystalnails.com,327655,327655,1.93,0.25,4.689,Shopping
theviralgadgets.com,328262,328262,1.3,0.14,3.8,Shopping
pardiba.com,328885,328885,1.3,0.14,3.8,Shopping
yotyiam.com,328921,328921,1.9,0.07,1.3,Shopping
thechivery.myshopify.com,329090,329090,1.2,0.16,4.7,Shopping
anc.net.ua,329137,329137,1.4,0.12,3.1,Shopping
wireless1.com.au,329303,329303,1.5,0.1,2.4,Shopping
nathansports.com,329880,329880,1.4,0.12,3.1,Shopping
get.bg,330236,330236,1.6,0.09,2,Shopping
ye4444.com,331304,331304,1,0.31,10,Shopping
wgl.pl,331382,331382,1.6,0.09,2.2,Shopping
sanasport.cz,331394,331394,1.4,0.12,3,Shopping
iranalyazh.ir,332134,332134,0.99,0.33,12,Shopping
afflictionclothing.com,332228,332228,1.3,0.13,3.7,Shopping
officechairatwork.com,332496,332496,1.3,0.14,4.1,Shopping
4river.ru,332549,332549,1.3,0.15,4.3,Shopping
tsuchiya-kaban-global.com,332758,332758,1.3,0.14,3.8,Shopping
good-steam.ru,333481,333481,1.7,0.08,1.7,Shopping
wholesaleteeshirtstore.com,333495,333495,1.9,0.28,5.498,Shopping
toolsforworkingwood.com,333638,333638,1.5,0.1,2.4,Shopping
kawasaki.eu,333775,333775,1.4,0.11,2.8,Shopping
adultsmart.com.au,334411,334411,1.4,0.12,3.3,Shopping
amai.tw,334801,334801,1.4,0.12,3.2,Shopping
chiefandsheriff.ru,335463,335463,1.2,0.15,4.5,Shopping
bumpersuperstore.com,335891,335891,1.6,0.09,2,Shopping
fc-fanshop.de,336168,336168,1.1,0.24,8.1,Shopping
marathon.ua,336396,336396,1.2,0.15,4.5,Shopping
nature.global,336792,336792,2,0.07,2,Shopping
astroshop.es,336820,336820,1.5,0.1,2.4,Shopping
theshoesnobblog.com,336875,336875,1.8,0.07,1.4,Shopping
polynominal.com,337015,337015,1.3,0.12,3.4,Shopping
topgearautosport.com,337270,337270,1.4,0.11,2.8,Shopping
bmw-etk.info,337556,337556,1.2,0.17,5.4,Shopping
hygoshop.com,337711,337711,1.6,0.08,1.7,Shopping
benvenuti.ro,337712,337712,0.95,0.36,14,Shopping
thehouseofmarley.com,337881,337881,1.5,0.09,2.1,Shopping
kupitganteli.ru,338365,338365,1.2,0.16,4.9,Shopping
kyzma.ru,338462,338462,1.4,0.11,2.8,Shopping
sunberhair.com,338776,338776,2,0.07,1,Shopping
cdpars.ir,339798,339798,1.1,0.21,7,Shopping
asahi-gf.co.jp,340098,340098,2,0.07,2,Shopping
folowbazar.com,340534,340534,1.1,0.19,6.5,Shopping
chenrongbingyu.tmall.com,340989,340989,1,0.11,3,Shopping
chowari.jp,341295,341295,1,0.18,6,Shopping
mirkrasok.ru,341352,341352,1.5,0.09,2.3,Shopping
phoenixmarketcity.com,341500,341500,1.5,0.09,2.3,Shopping
lomography.tw,341571,341571,1.3,0.12,3.5,Shopping
voiture-pas-chere.fr,341612,341612,1.1,0.18,5.9,Shopping
blz.tmall.com,342322,342322,1,0.09,2,Shopping
dsklad.ru,342674,342674,1.4,0.1,2.6,Shopping
clasicuyo.com.ar,342943,342943,1,0.23,8.1,Shopping
fslaser.com,343214,343214,1.4,0.1,2.5,Shopping
ebrosia.de,343270,343270,1.3,0.12,3.5,Shopping
technikboerse.at,344015,344015,1.4,0.1,2.5,Shopping
lojavirtuol.uol.com.br,344061,344061,1.9,0.06,1.2,Shopping
qtellfreeads.com,344397,344397,1,0.25,9.2,Shopping
gspawn.com,344872,344872,1.3,0.12,3.4,Shopping
bigfish.ro,344991,344991,1.1,0.17,5.3,Shopping
ubipharm-congo.com,345110,345110,1.1,0.17,5.6,Shopping
zegna.com,345200,345200,1.1,0.17,5.4,Shopping
takeit2day.com,345259,345259,1.2,0.13,3.9,Shopping
giftbasketsoverseas.com,345544,345544,1.5,0.09,2.2,Shopping
goldicq.com,345670,345670,1.5,0.08,1.9,Shopping
kugellager-express.de,345851,345851,1.2,0.15,4.6,Shopping
rolandcorp.com.au,345996,345996,1.9,0.06,1.1,Shopping
dein-sportauspuff.de,346136,346136,1.4,0.1,2.6,Shopping
for3d.ru,346587,346587,1.2,0.13,3.8,Shopping
vacmotorsports.com,346678,346678,1.3,0.12,3.4,Shopping
cigreviews.com,346895,346895,1.4,0.09,2.4,Shopping
lalibrairie.com,347410,347410,1.7,0.07,1.4,Shopping
guns.ua,347473,347473,1.2,0.15,4.7,Shopping
canadapharmacy.com,347861,347861,1.2,0.12,3.7,Shopping
pcarena.hu,348413,348413,1.3,0.11,3,Shopping
korg.shop,348587,348587,1.3,0.11,3,Shopping
afrodita.guru,348982,348982,1.9,0.06,1.1,Shopping
armygross.se,349301,349301,1.1,0.17,5.6,Shopping
instyleled.co.uk,349325,349325,1.8,0.06,1.3,Shopping
freesdp.com,349944,349944,1.8,0.06,1.2,Shopping
alfatactical.cz,350760,350760,1.2,0.12,3.7,Shopping
loveamika.com,351170,351170,1.2,0.12,3.7,Shopping
uvinum.co.uk,351215,351215,1.4,0.08,2.1,Shopping
igrolike.net,351412,351412,1.4,0.09,2.3,Shopping
airportappliance.com,351416,351416,1.2,0.13,4.2,Shopping
chiiiq.com,351617,351617,0.9,0.29,10,Shopping
grass.su,352506,352506,1.1,0.16,5.3,Shopping
esteelauder.com.tw,352782,352782,1.3,0.1,2.8,Shopping
weike61.com,353120,353120,0.9,0.41,20,Shopping
passionford.com,353812,353812,1.6,0.07,1.7,Shopping
toolsforfreedom.com,353895,353895,1.3,0.1,2.6,Shopping
thecakedecoratingcompany.co.uk,354034,354034,1.3,0.1,2.6,Shopping
tantak.ir,354344,354344,1.9,0.05,1,Shopping
kickz4u.ru,355323,355323,1.3,0.1,3,Shopping
gereedschapcentrum.nl,356373,356373,1.5,0.08,1.8,Shopping
d-klik.gr,356539,356539,1.5,0.08,1.9,Shopping
ghibli.store,356732,356732,1.1,0.15,5.1,Shopping
kvantservice.com,356908,356908,1.2,0.13,4.1,Shopping
crocsaustralia.com.au,357123,357123,1.1,0.18,6.1,Shopping
healthandcare.co.uk,357405,357405,1.6,0.07,1.6,Shopping
playme.store,357522,357522,1.6,0.07,1.6,Shopping
newfrontierarmory.com,357699,357699,1.2,0.13,4.3,Shopping
e-lenovo.gr,358565,358565,1.3,0.1,3,Shopping
ecoblog.it,358647,358647,1.4,0.09,2.3,Shopping
ladin.ir,358963,358963,1.8,0.05,1.1,Shopping
kygolife.com,360062,360062,1,0.12,4,Shopping
zelfmaak-ideetjes.nl,360217,360217,1.3,0.09,2.5,Shopping
bio-naturel.de,360452,360452,1.2,0.12,3.8,Shopping
easykeys.com,360984,360984,1.1,0.14,4.7,Shopping
anglingtimes.co.uk,361011,361011,1.7,0.06,1.3,Shopping
