www.amazon.com,Shopping
www.netflix.com,Entertainment,TV/Video Streams
www.ebay.com,Auctions
www.amazon.co.uk,Shopping
www.walmart.com,Shopping
www.etsy.com,Shopping
store.steampowered.com,Shopping,Games
www.ikea.com,Shopping
www.bestbuy.com,Shopping
www.homedepot.com,Shopping
www.target.com,Shopping
www.cambridge.org,Education
www.nike.com,Shopping
www.wiley.com,Education
www.hm.com,Shopping
newegg.com,Technology/Internet,Shopping
www.groupon.com,Shopping
www.lowes.com,Shopping
www.nordstrom.com,Shopping
www.macys.com,Shopping
costco.com,Shopping
www.wayfair.com,Shopping
www.bhphotovideo.com,Technology/Internet,Shopping
www.ticketmaster.com,Shopping
www.humblebundle.com,Charitable Organizations,Shopping,Games
www.bodybuilding.com,Sports/Recreation,Health
www.iherb.com,Shopping
www.cargurus.com,Vehicles
www.kohls.com,Shopping
www.redbubble.com,Shopping
www.oup.com,Education
www.zappos.com,Shopping
www.gap.com,Shopping
www.sky.com,Entertainment,Technology/Internet
www.overstock.com,Shopping
www.ifixit.com,Technology/Internet
www.gamestop.com,Shopping
www.autotrader.com,Vehicles
www.bedbathandbeyond.com,Shopping
www.sephora.com,Shopping
www.walgreens.com,Health,Shopping
www.forever21.com,Shopping
www.cars.com,Vehicles
www.yoox.com,Shopping
www.directv.com,Business/Economy
www.urbanoutfitters.com,Shopping
www.barnesandnoble.com,Shopping
www.staples.com,Shopping
www.sears.com,Shopping
www.jcpenney.com,Shopping
www.legacy.com,Reference
www.6pm.com,Shopping
www.samsclub.com,Shopping
www.sweetwater.com,Shopping
www.dickssportinggoods.com,Sports/Recreation,Shopping
www.cvs.com,Health
www.shutterfly.com,Media Sharing
www.trademe.co.nz,Auctions,Shopping
www.mango.com,Shopping
www.rei.com,Shopping
www.rakuten.com,Shopping
www.victoriassecret.com,Intimate Apparel/Swimsuit,Shopping
www.sony.com,Technology/Internet
www.officedepot.com,Shopping
www.jcrew.com,Shopping
www.net-a-porter.com,Shopping
www.carmax.com,Vehicles
dx.com,Shopping
www.ulta.com,Shopping
www.ae.com,Shopping
www.qvc.com,Shopping
www.funimation.com,Entertainment,Mixed Content/Potentially Adult
www.mapsofindia.com,Reference,Government/Legal
www.blu-ray.com,Entertainment,Shopping
www.neimanmarcus.com,Shopping
www.cabelas.com,Shopping
www.siriusxm.com,Technology/Internet
www.marksandspencer.com,Shopping
www.frys.com,Technology/Internet,Shopping
www.harborfreight.com,Shopping
www.carid.com,Vehicles
anthropologie.com,Shopping
www1.bloomingdales.com,Shopping
www.abebooks.com,Shopping
www.underarmour.com,Shopping
www.copart.com,Vehicles
www.crateandbarrel.com,Shopping
dsw.com,Shopping
www.musiciansfriend.com,Entertainment,Shopping
www.adorama.com,Shopping
www.saksfifthavenue.com,Shopping
www.autotrader.ca,Vehicles
www.revolve.com,Reference
www.rockauto.com,Vehicles
www.backcountry.com,Shopping
www.vans.com,Shopping
www.potterybarn.com,Shopping
www.advanceautoparts.com,Vehicles
westelm.com,Shopping
www.jomashop.com,Shopping
www.kmart.com,Shopping
www.zumiez.com,Shopping
www.gunbroker.com,Weapons
www.hsn.com,Shopping
www.musicnotes.com,Art/Culture
www.weightwatchers.com,Health
www.polar.com,Business/Economy
www.nespresso.com,Restaurants/Dining/Food
www.lulus.com,Shopping
www.finishline.com,Shopping
www.scholastic.com,Education
www.hottopic.com,Shopping
www.crutchfield.com,Shopping
www.hayneedle.com,Shopping
www.bidorbuy.co.za,Auctions,Shopping
www.academy.com,Sports/Recreation,Shopping
www.customink.com,Shopping
www.ralphlauren.com,Shopping
www.petco.com,Shopping
shop.lego.com,Shopping
www.zennioptical.com,Shopping
www.williams-sonoma.com,Shopping
www.abercrombie.com,Shopping
www.freepeople.com,Shopping
www.petsmart.com,Shopping
www.bose.com,Shopping
www.pacsun.com,Shopping
www.tickets.com,Shopping
www.joann.com,Shopping
www.llbean.com,Shopping
www.dollskill.com,Shopping
swappa.com,Technology/Internet
www.pandora.net,Shopping
www.fineartamerica.com,Art/Culture,Shopping
www.fanatics.com,Shopping
www.fender.com,Business/Economy
www.therealreal.com,Shopping
www.worldmarket.com,Shopping
www.primagames.com,Games
www.shopgoodwill.com,Shopping
bricklink.com,Shopping
www.modcloth.com,Shopping
www.summitracing.com,Shopping,Vehicles
www.cdbaby.com,Entertainment,Shopping
www.tirerack.com,Vehicles
www.instyle.com,Society/Daily Living
www.coach.com,Shopping
www.sierratradingpost.com,Shopping
www.dillards.com,Shopping
www.vitacost.com,Health,Shopping
www.monoprice.com,Technology/Internet,Shopping
www.bigbadtoystore.com,Shopping
www.mobikwik.com,Financial Services
www.orientaltrading.com,Shopping
www.watchuseek.com,Business/Economy
www.tradesy.com,Shopping
lululemon.com,Shopping
www.brownells.com,Weapons
www.fossil.com,Shopping
www.newbalance.com,Shopping
www.containerstore.com,Shopping
www.shoes.com,Shopping
www.tigerdirect.com,Technology/Internet,Shopping
iaai.com,Vehicles
www.midwayusa.com,Sports/Recreation,Weapons
www.basspro.com,Shopping
www.acehardware.com,Shopping
www.landsend.com,Shopping
www.dollarshaveclub.com,Business/Economy,Health
www.tractorsupply.com,Shopping
www.cafepress.com,Shopping
www.buybuybaby.com,Shopping
www.toryburch.com,Business/Economy
www.informit.com,Technology/Internet
www.armslist.com,Weapons
www.tennis-warehouse.com,Shopping
www.hermes.com,Business/Economy
www.express-scripts.com,Health
www.oldnavy.com,Shopping
www.toysrus.com,Shopping
www.cheaperthandirt.com,Weapons,Shopping
www.moo.com,Shopping
www.lordandtaylor.com,Shopping
www.cdjapan.co.jp,Shopping
livingsocial.com,Shopping
www.etrailer.com,Vehicles
chapters.indigo.ca,Shopping
www.game.co.uk,Informational,Shopping,Games
www.reebok.com,Sports/Recreation,Shopping
www.starcitygames.com,Society/Daily Living,Shopping
www.ysl.com,Business/Economy
www.carsforsale.com,Vehicles
www.tillys.com,Shopping
www.opticsplanet.com,Shopping
www.ebags.com,Shopping
www.torrid.com,Shopping
www.pier1.com,Shopping
www.cduniverse.com,Mixed Content/Potentially Adult,Shopping
www.eyebuydirect.com,Health,Shopping
www.tedbaker.com,Shopping
www.mec.ca,Sports/Recreation,Shopping
www.bathandbodyworks.com,Shopping
www.harrods.com,Shopping
www.techbargains.com,Shopping
www.belk.com,Shopping
www.dish.com,Technology/Internet
www.threadless.com,Shopping
www.gnc.com,Health
www.minted.com,Shopping
www.davidsbridal.com,Shopping
www.northerntool.com,Shopping
www.sideshowtoy.com,Shopping
www.bkstr.com,Education
www.sheetmusicplus.com,Shopping
www.anker.com,Technology/Internet,Shopping
www.oakley.com,Shopping
www.grasscity.com,Shopping,Marijuana
www.repairclinic.com,Business/Economy
www.dickblick.com,Shopping
www.tiffany.com,Shopping
www.eddiebauer.com,Shopping
www.converse.com,Business/Economy
www.moma.org,Art/Culture,Education
www.miniaturemarket.com,Business/Economy
www.cricketwireless.com,Technology/Internet
www.brooksbrothers.com,Shopping
www.channelfireball.com,Entertainment
www.sportsmansguide.com,Sports/Recreation,Shopping
www.boostmobile.com,Technology/Internet
www.lush.com,Technology/Internet
www.menswearhouse.com,Shopping
www.bjs.com,Shopping
www.snapfish.com,Media Sharing
www.glassesusa.com,Shopping
www.yesasia.com,Shopping
www.jpc.de,Shopping
www.autoanything.com,Shopping,Vehicles
www.venus.com,Shopping
www.lids.com,Shopping
www.cardkingdom.com,Entertainment,Shopping
www.hemmings.com,Vehicles
www.swimoutlet.com,Sports/Recreation
www.arcamax.com,News/Media
www.juno.co.uk,Entertainment,Shopping
www.alight.com,Business/Economy
www.anntaylor.com,Shopping
www.pbteen.com,Shopping
www.bergdorfgoodman.com,Shopping
www.lookfantastic.com,Shopping
www.backpage.com,Suspicious
www.warbyparker.com,Shopping
www.mlbshop.com,Sports/Recreation,Shopping
www.giant-bicycles.com,Vehicles
nelly.com,Shopping
www.famousfootwear.com,Shopping
www.campingworld.com,Shopping
www.broadway.com,Art/Culture
www.fingerhut.com,Shopping
www.lampsplus.com,Shopping
www.bluenile.com,Business/Economy
casper.com,Business/Economy
www.kingarthurflour.com,Business/Economy
www.parts-express.com,Shopping
www.sony.co.uk,Technology/Internet
www.coolstuffinc.com,Shopping
www.bluefly.com,Shopping
www.moosejaw.com,Shopping
www.napaonline.com,Vehicles
www.buildabear.com,Shopping
www.uncommongoods.com,Shopping
www.worldscientific.com,Education
www.restorationhardware.com,Shopping
www.eurocarparts.com,Vehicles
www.evo.com,Shopping
www.dyson.com,Shopping
www.sunglasshut.com,Shopping
www.swansonvitamins.com,Health,Shopping
apmex.com,Financial Services
www.skechers.com,Business/Economy,Shopping
www.cratejoy.com,Shopping
www.westmarine.com,Vehicles
www.luckyvitamin.com,Health
www.trollandtoad.com,Shopping
www.roomstogo.com,Shopping
www.payless.com,Shopping
www.forzieri.com,Shopping
www.classifiedads.com,Shopping
www.orvis.com,Shopping
www.art.com,Art/Culture,Shopping
www.childrensplace.com,Shopping
www.colehaan.com,Shopping
www.rockler.com,Business/Economy
www.fragrancenet.com,Shopping
www.vitaminshoppe.com,Health,Shopping
car-part.com,Vehicles
www.jpcycles.com,Vehicles
www.hlj.com,Shopping
www.aroma-zone.com,Health
www.christies.com,Business/Economy
www.shopmyexchange.com,Shopping,Military
www.fnp.com,Society/Daily Living,Shopping
www.brownpapertickets.com,Shopping
www.notonthehighstreet.com,Shopping
www.talbots.com,Shopping
yeti.com,Technology/Internet
www.zzounds.com,Entertainment,Shopping
www.fabric.com,Shopping
www.auctionzip.com,Auctions
www.prestoclassical.co.uk,Entertainment
www.1800contacts.com,Health,Shopping
www.beachbody.com,Health
www.jensonusa.com,Vehicles
www.1800petmeds.com,Shopping
www.thewhiskyexchange.com,Alcohol
www.duluthtrading.com,Business/Economy
www.dunkindonuts.com,Restaurants/Dining/Food
www.quill.com,Shopping
www.mightyape.co.nz,Shopping
www.maccosmetics.com,Business/Economy
www.appliancepartspros.com,Shopping
www.journeys.com,Shopping
www.gymboree.com,Shopping
www.mandmdirect.com,Shopping
www.gazelle.com,Business/Economy
www.lanebryant.com,Shopping
www.suunto.com,Business/Economy
www.stevemadden.com,Shopping
www.movietickets.com,Entertainment
www.quadratec.com,Vehicles
www.office.co.uk,Shopping
www.loccitane.com,Shopping
www.nflshop.com,Shopping
www.bizbuysell.com,Business/Economy,Real Estate
www.monki.com,Business/Economy
www.jwpepper.com,Art/Culture
www.tradepub.com,Reference
www.worldsoccershop.com,Sports/Recreation,Shopping
www.surlatable.com,Shopping
www.rebelcircus.com,Shopping
www.micromaxinfo.com,Technology/Internet
www.batteriesplus.com,Shopping
www.boats.com,Vehicles
www.getjar.com,Software Downloads
www.proflowers.com,Shopping
www.cjponyparts.com,Shopping
www.sportsshoes.com,Sports/Recreation
www.luckybrand.com,Shopping
www.ha.com,Auctions
www.abt.com,Shopping
www.therange.co.uk,Business/Economy
www.truefire.com,Entertainment
www.zvab.com,Shopping
www.globalhealingcenter.com,Health
www.performancebike.com,Sports/Recreation,Shopping
www.reiss.com,Shopping
www.ajmadison.com,Business/Economy,Shopping
www.competitivecyclist.com,Sports/Recreation,Shopping
www.vodafone.ie,Technology/Internet
www.gamefly.com,Shopping,Games
www.dorothyperkins.com,Shopping
www.golfgalaxy.com,Shopping
www.allenedmonds.com,Shopping
www.rightstufanime.com,Mixed Content/Potentially Adult
www.evine.com,Business/Economy
www.yandy.com,Intimate Apparel/Swimsuit,Shopping
www.zavvi.com,Shopping
www.weathertech.com,Shopping
www.wine.com,Shopping,Alcohol
www.roomandboard.com,Shopping
www.alibris.com,Shopping
www.audiobooks.com,Business/Economy
www.otterbox.com,Shopping
www.knifecenter.com,Weapons,Shopping
www.bikebandit.com,Vehicles
www.brooksrunning.com,Shopping
www.barenecessities.com,Intimate Apparel/Swimsuit,Shopping
www.schuh.co.uk,Shopping
www.zagg.com,Shopping
www.stewmac.com,Shopping
www.hallmark.com,E-Card/Invitations,Shopping
www.cigarsinternational.com,Shopping,Tobacco
www.audiogon.com,Shopping
www.jinx.com,Shopping
www.manning.com,Reference,Shopping
www.aeropostale.com,Shopping
www.puritan.com,Health,Shopping
www.autopartswarehouse.com,Vehicles
www.framesdirect.com,Health,Shopping
www.partselect.com,Shopping
www.tactics.com,Shopping
www.soylent.com,Technology/Internet
www.timberland.com,Shopping
www.rockymountainatvmc.com,Business/Economy
www.sonicelectronix.com,Shopping
www.sothebys.com,Art/Culture,Auctions
www.teva.com,Shopping
www.masterofmalt.com,Alcohol
www.tacklewarehouse.com,Shopping
www.carandclassic.co.uk,Business/Economy
www.iboats.com,Vehicles
www.1000bulbs.com,Shopping
www.traegergrills.com,Sports/Recreation
www.4wheelparts.com,Vehicles
well.ca,Health,Shopping
www.zales.com,Shopping
www.rupress.org,Health
www.cotswoldoutdoor.com,Shopping
www.511tactical.com,Shopping
www.keh.com,Business/Economy
www.rockbottomgolf.com,Shopping
www.firmoo.com,Health,Shopping
www.crcpress.com,Reference
www.cirquedusoleil.com,Art/Culture
www.proxibid.com,Auctions
www.entertainmentearth.com,Shopping
www.youmail.com,Office/Business Applications
www.boden.co.uk,Shopping
www.sensiseeds.com,Marijuana
www.jjill.com,Shopping
autodata-group.com,Vehicles
www.citypass.com,Shopping,Travel
kirklands.com,Shopping
www.guess.com,Shopping
www.routledge.com,Reference,Education
www.timbuk2.com,Business/Economy
www.thetiebar.com,Business/Economy
www.personalizationmall.com,Shopping
www.snapon.com,Business/Economy
www.businessesforsale.com,Business/Economy
www.truevalue.com,Shopping
www.tumi.com,Shopping
www.penguinmagic.com,Entertainment,Shopping
www.samharris.org,Entertainment
realtruck.com,Shopping
www.chicos.com,Shopping
www.gardeners.com,Shopping
www.filson.com,Shopping
www.roadrunnersports.com,Sports/Recreation,Shopping
www.pokemoncenter.com,Entertainment
www.horizonhobby.com,Shopping
www.ashford.com,Shopping
www.forsalebyowner.com,Real Estate
www.leevalley.com,Shopping
www.peapod.com,Shopping
www.drsfostersmith.com,Shopping
www.rugsusa.com,Shopping
www.jacamo.co.uk,Shopping
classiccars.com,Vehicles
www.ticketleap.com,Shopping
www.skatewarehouse.com,Shopping
www.discounttiredirect.com,Vehicles
www.womanwithin.com,Shopping
www.woodcraft.com,Shopping
mitpress.mit.edu,Education
www.cyclegear.com,Shopping
www.biblio.com,Reference,Shopping
www.bevmo.com,Shopping,Alcohol
www.cinema.com.my,Entertainment
www.dicksmith.com.au,Shopping
www.nuts.com,Restaurants/Dining/Food,Shopping
www.clinique.com,Society/Daily Living,Health
www.1aauto.com,Vehicles
www.mycomicshop.com,Shopping
www.myregistry.com,Business/Economy
www.longislandwatch.com,Business/Economy,Shopping
www.jackrabbitclass.com,Technology/Internet
www.bigsoccer.com,Sports/Recreation
www.fashionphile.com,Business/Economy
www.gouletpens.com,Shopping
www.smithsfoodanddrug.com,Restaurants/Dining/Food
www.exrx.net,Health
www.keurig.com,Shopping
www.gifts.com,Shopping
www.pyramydair.com,Sports/Recreation,Shopping
www.booksamillion.com,Shopping
www.footaction.com,Shopping
www.global-free-classified-ads.com,Reference
www.puzzlemaster.ca,Society/Daily Living,Shopping
www.undercovertourist.com,Travel
www.controller.com,Vehicles
www.destinationxl.com,Shopping
www.ems.com,Shopping
www.blinds.com,Shopping
www.vitalchek.com,Reference,Government/Legal
store.manutd.com,Sports/Recreation,Shopping
www.globalgolf.com,Sports/Recreation,Shopping
huel.com,Restaurants/Dining/Food
www.jabra.com,Business/Economy,Shopping
www.claires.com,Shopping
shop.samsonite.com,Business/Economy
www.houseofnames.com,Shopping
www.sheetmusicdirect.com,Shopping
www.jackssmallengines.com,Shopping
www.fast-growing-trees.com,Business/Economy
www.smilebox.com,Potentially Unwanted Software
www.deejay.de,Entertainment
www.ties.com,Shopping
vinylmeplease.com,Business/Economy
www.rallysportdirect.com,Vehicles
www.flagpolewarehouse.com,Business/Economy
www.firemountaingems.com,Shopping
www.toywiz.com,Shopping
www.omahasteaks.com,Restaurants/Dining/Food,Shopping
www.tivo.com,Business/Economy
www.replacements.com,Shopping
www.car.com,Vehicles
www.crayola.com,Business/Economy
www.jdwilliams.co.uk,Shopping
www.fansedge.com,Shopping
www.spencersonline.com,Shopping
www.startrek.com,Entertainment
fab.com,Shopping
www.timex.com,Shopping
www.ediblearrangements.com,Shopping
www.djcity.com,Entertainment
www.bikesdirect.com,Sports/Recreation,Shopping
www.partstree.com,Business/Economy
www.the-house.com,Sports/Recreation,Shopping
www.loveknitting.com,Education
www.dickies.com,Shopping
www.denniskirk.com,Shopping,Vehicles
www.dwr.com,Shopping
www.enterprisecarsales.com,Vehicles
www.tgw.com,Sports/Recreation,Shopping
www.drjays.com,Shopping
www.leesa.com,Shopping
www.ballarddesigns.com,Shopping
www.swimsuitsforall.com,Intimate Apparel/Swimsuit,Shopping
www.cardhoarder.com,Newsgroups/Forums,Games
www.mountainroseherbs.com,Shopping
www.quiksilver.com,Sports/Recreation,Shopping
www.ooyyo.com,Vehicles
hpb.com,Shopping
www.frontgate.com,Shopping
rejuvenation.com,Business/Economy
www.buckle.com,Shopping
www.whsmith.co.uk,Shopping
www.redwolfairsoft.com,Sports/Recreation,Shopping
www.famous-smoke.com,Shopping,Tobacco
www.samash.com,Shopping
www.scubastore.com,Sports/Recreation
www.moleskine.com,Business/Economy
www.armaniexchange.com,Shopping
www.ross-tech.com,Business/Economy
www.pandahall.com,Shopping
www.adorebeauty.com.au,Society/Daily Living,Shopping
www.andysautosport.com,Vehicles
www.powells.com,Shopping
wickedweasel.com,Nudity,Intimate Apparel/Swimsuit,Shopping
www.symbios.pk,Shopping
www.skinstore.com,Health
www.ebooks.com,Shopping
www.riogrande.com,Business/Economy
www.overnightprints.com,Business/Economy,Shopping
www.papersource.com,Shopping
www.adpost.com,Shopping
www.propertyroom.com,Auctions
www.compactappliance.com,Shopping
www.bobswatches.com,Shopping
www.boscovs.com,Shopping
www.chromeindustries.com,Shopping
www.signaturehardware.com,Shopping
www.trails.com,Travel
www.grizzly.com,Business/Economy
www.karmaloop.com,Shopping
www.yankeecandle.com,Shopping
www.tortugabackpacks.com,Shopping
www.espares.co.uk,Business/Economy
www.athleta.com,Shopping
www.bosch.de,Business/Economy
www.chemicalguys.com,Shopping
www.marineengine.com,Business/Economy
www.inprnt.com,Shopping
www.turntablelab.com,Entertainment,Shopping
oed.com,Education
www.mightyape.com.au,Shopping
www.tractordata.com,Business/Economy
www.sleepnumber.com,Shopping
www.jtv.com,Shopping
www.northernbrewer.com,Alcohol
www.eastwood.com,Vehicles
www.soma.com,Intimate Apparel/Swimsuit,Shopping
www.hammacher.com,Shopping
www.mtgotraders.com,Shopping,Games
www.atgtickets.com,Entertainment,Shopping
www.fye.com,Entertainment,Shopping
www.inyopools.com,Business/Economy
www.benjerry.com,Restaurants/Dining/Food
www.leatherman.com,Shopping
www.telecharge.com,Entertainment
www.bananarepublic.com,Shopping
www.pcgs.com,Reference
www.geebo.com,Business/Economy
www.brookstone.com,Shopping
www.hondapartsnow.com,Vehicles
www.towerhobbies.com,Shopping
www.sportys.com,Shopping
www.techstreet.com,Reference
www.schwans.com,Restaurants/Dining/Food
www.americanlisted.com,Shopping
www.boomkat.com,Entertainment
www.janes.com,Military
www.eaglecreek.com,Travel
www.burpee.com,Shopping
penzeys.com,Business/Economy
www.garnethill.com,Shopping
www.dockers.com,Business/Economy
www.autogeek.net,Vehicles
www.pearsoned.co.uk,Education
www.wholesalesolar.com,Business/Economy
www.scrubsunlimited.com,Shopping
www.renodepot.com,Business/Economy
rvt.com,Vehicles
www.evitamins.com,Shopping
www.benefitcosmetics.com,Shopping
www.theory11.com,Newsgroups/Forums,Entertainment,Shopping
www.jessops.com,Shopping
www.altitude-sports.com,Shopping
lionbrand.com,Sports/Recreation,Shopping
www.herroom.com,Intimate Apparel/Swimsuit,Shopping
www.lesliespool.com,Shopping
www.callawaygolfpreowned.com,Sports/Recreation,Shopping
www.dealerrater.com,Vehicles
www.hertzcarsales.com,Vehicles
www.airgundepot.com,Sports/Recreation,Shopping
www.stage.com,Shopping
www.buyatoyota.com,Vehicles
www.beallsflorida.com,Shopping
www.pjrc.com,Technology/Internet
www.gleim.com,Education
www.tempurpedic.com,Business/Economy
www.andrewchristian.com,Mixed Content/Potentially Adult,Intimate Apparel/Swimsuit,Shopping
www.lens.com,Shopping
www.bigfinish.com,Entertainment,Shopping
www.optimumnutrition.com,Business/Economy
www.johnnyseeds.com,Shopping
www.selectspecs.com,Business/Economy
www.morebeer.com,Alcohol
www.rossstores.com,Business/Economy
www.lancasterarchery.com,Sports/Recreation,Shopping
www.coleparmer.com,Shopping
www.perfume.com,Entertainment,Shopping
www.innovadiscs.com,Sports/Recreation,Business/Economy
www.dymocks.com.au,Entertainment,Shopping
www.oneill.com,Shopping
www.yesterdaystractors.com,Business/Economy
www.bootbarn.com,Shopping
www.fragrancedirect.co.uk,Shopping
www.windsorstore.com,Intimate Apparel/Swimsuit,Shopping
www.bulkreefsupply.com,Shopping
www.wwbw.com,Shopping
www.forbiddenplanet.com,Entertainment,Shopping
www.haynes.com,Vehicles
www.kennethcole.com,Shopping
www.maps.com,Reference,Shopping
www.lakeside.com,Shopping
www.henrys.com,Shopping
www.planetnatural.com,Shopping
www.turnermotorsport.com,Vehicles
www.rockabilia.com,Entertainment
www.onlinemetals.com,Business/Economy
6dollarshirts.com,Shopping
www.radioshack.com,Technology/Internet,Shopping
www.bebe.com,Shopping
www.canuckaudiomart.com,Business/Economy
www.leisurepro.com,Shopping
www.sapnaonline.com,Education
www.galls.com,Business/Economy
www.aircraftspruce.com,Shopping
www.jackrabbit.com,Sports/Recreation
www.cobbtuning.com,Shopping,Vehicles
www.thewalkingcompany.com,Shopping
www.learnoutloud.com,Education
youworkforthem.com,Shopping
www.hannaandersson.com,Shopping
www.fredericks.com,Intimate Apparel/Swimsuit,Shopping
www.keds.com,Shopping
freeadstime.org,Shopping,Web Ads/Analytics
claz.org,Shopping
www.cmsnl.com,Vehicles
www.shopjimmy.com,Shopping
www.kingsizedirect.com,Shopping
www.jerrysartarama.com,Shopping
www.glockstore.com,Weapons
www.doyourownpestcontrol.com,Business/Economy
www.ngccoin.com,Sports/Recreation
www.base.com,Society/Daily Living
www.cctvcamerapros.com,Shopping
www.thompson-morgan.com,Shopping
www.coldwatercreek.com,Shopping
www.exoticindiaart.com,Shopping
www.speedwaymotors.com,Shopping
www.rammount.com,Vehicles
www.lillypulitzer.com,Shopping
www.discountdance.com,Shopping
www.onstar.com,Business/Economy
www.overtons.com,Shopping
www.rcmart.com,Shopping
www.storedj.com.au,Entertainment,Shopping
press.princeton.edu,Education
www.figleaves.com,Intimate Apparel/Swimsuit,Shopping
www.partrequest.com,Vehicles
www.purlsoho.com,Shopping
www.builddirect.com,Business/Economy
www.mccall.com,Shopping
www.goldbely.com,Restaurants/Dining/Food
www.thingsremembered.com,Shopping
www.bexley.fr,Shopping
www.elsevierhealth.com,Health,Shopping
www.personalcreations.com,Shopping
www.rifftrax.com,Entertainment
www.klwines.com,Alcohol
focuscamera.com,Shopping
www.authenticwatches.com,Shopping
www.albeebaby.com,Shopping
auctionnation.com,Business/Economy,Shopping
www.eeuroparts.com,Shopping
www.bellacor.com,Shopping
www.virtualsheetmusic.com,Entertainment,Education
www.cellularoutfitter.com,Technology/Internet,Shopping
budk.com,Weapons,Shopping
www.listia.com,Shopping
www.bravissimo.com,Intimate Apparel/Swimsuit,Shopping
www.skinit.com,Shopping
www.racingjunk.com,Vehicles
mrpuzzle.com.au,Shopping
www.tigerfitness.com,Health
www.custommade.com,Shopping
www.mophie.com,Technology/Internet
www.flightschedulepro.com,Technology/Internet
onofre.com.br,Health,Shopping
www.bobsredmill.com,Business/Economy
www.blacks.co.uk,Sports/Recreation,Shopping
www.spanx.com,Intimate Apparel/Swimsuit,Shopping
lmr.com,Business/Economy
www.gemplers.com,Shopping
www.theatermania.com,Entertainment
www.johnstonmurphy.com,Shopping
www.avenue.com,Shopping
www.rentacenter.com,Shopping
www.jockey.com,Intimate Apparel/Swimsuit,Shopping
www.marshallsonline.com,Shopping
www.benchmade.com,Weapons,Shopping
www.bsnsports.com,Sports/Recreation,Shopping
www.tackledirect.com,Sports/Recreation
www.uniformadvantage.com,Shopping
www.rivers.com.au,Shopping
www.peets.com,Restaurants/Dining/Food
www.motherhood.com,Shopping
www.danner.com,Business/Economy
baggu.com,Shopping
www.gundamplanet.com,Shopping
www.rareseeds.com,Shopping
www.conns.com,Shopping
www.sjgames.com,Society/Daily Living
www.spyderco.com,Weapons,Shopping
www.softmoc.com,Business/Economy
www.beckett.com,Sports/Recreation,Shopping
www.barnstormers.com,Vehicles
www.neweracap.com,Sports/Recreation,Shopping
www.incase.com,Business/Economy
www.motocard.com,Shopping
www.petcarerx.com,Shopping
www.thompsoncigar.com,Tobacco
www.visiondirect.co.uk,Health,Shopping
aussiebum.com,Intimate Apparel/Swimsuit,Shopping
www.ucpress.edu,Entertainment,Education
www.intheswim.com,Shopping
www.architecturaldepot.com,Business/Economy
www.arkivmusic.com,Art/Culture,Shopping
www.basicinvite.com,Shopping
www.sailboatlistings.com,Vehicles
www.dukeupress.edu,Education
www.themusiczoo.com,Entertainment,Shopping
www.backstreetmerch.com,Shopping
www.emusic.com,Entertainment,Audio/Video Clips
www.automotivetouchup.com,Vehicles
www.hunterboots.com,Shopping
www.morris4x4center.com,Vehicles
www.hup.harvard.edu,Education
www.bizquest.com,Business/Economy
www.superherostuff.com,Shopping
www.aimsurplus.com,Weapons
www.blackanddecker.com,Business/Economy
www.markertek.com,Shopping
www.yarnspirations.com,Shopping
www.aarons.com,Business/Economy
www.smokingpipes.com,Shopping,Tobacco
www.vistek.ca,Shopping
www.sheplers.com,Shopping
www.rpgnow.com,Entertainment,Shopping
www.novica.com,Shopping
www.dunnesstores.com,Shopping
www.phase-eight.com,Shopping
www.1010tires.com,Vehicles
www.us-mattress.com,Shopping
www.emblibrary.com,Shopping
www.avbuyer.com,Business/Economy
www.fatquartershop.com,Shopping
www.soundstrue.com,Business/Economy
www.proaudiostar.com,Shopping
www.fireworks.com,Entertainment,Shopping
www.musicroom.com,Shopping
www.pagepluscellular.com,Technology/Internet
www.l-com.com,Technology/Internet
www.roamans.com,Shopping
www.fatbraintoys.com,Shopping
www.harryanddavid.com,Shopping
store.acousticsounds.com,Entertainment
www.hookah-shisha.com,Shopping,Tobacco
www.mtgmintcard.com,Entertainment,Shopping
www.thebookpeople.co.uk,Shopping
www.banyanbotanicals.com,Health
www.hasbrotoyshop.com,Business/Economy
www.cpap.com,Health,Shopping
www.roveconcepts.com,Shopping
www.ellusionist.com,Entertainment
www.watches.com,Shopping
www.mattandnat.com,Shopping
shop.lonelyplanet.com,Travel
pragprog.com,Technology/Internet
www.chicagomusicexchange.com,Entertainment,Shopping
www.tirebuyer.com,Vehicles
www.hattons.co.uk,Sports/Recreation,Shopping
www.probikekit.com,Sports/Recreation,Shopping
www.ninewest.com,Shopping
goggles4u.com,Health,Shopping
www.whitney.org,Art/Culture
www.christopherandbanks.com,Shopping
www.gsmserver.com,Technology/Internet,Shopping
www.berries.com,Restaurants/Dining/Food,Shopping
www.origins.com,Shopping
www.sheetmusicnow.com,Entertainment,Shopping
www.jackwills.com,Shopping
www.seedsman.com,Marijuana
www.plumbingsupply.com,Business/Economy
www.lasenza.com,Intimate Apparel/Swimsuit,Shopping
www.allstarhealth.com,Health
www.jcwhitney.com,Shopping,Vehicles
www.sanity.com.au,Shopping
www.brooklynmuseum.org,Art/Culture,Education
www.mypillow.com,Shopping
www.londontheatredirect.com,Entertainment
www.incipio.com,Technology/Internet,Shopping
www.simplicity.com,Shopping
www.everythingbutwater.com,Shopping
www.maperformance.com,Shopping,Vehicles
www.sylvane.com,Shopping
www.litter-robot.com,Technology/Internet,Shopping
www.seattlecoffeegear.com,Business/Economy
www.classicindustries.com,Vehicles
www.storagetreasures.com,Real Estate
www.biketiresdirect.com,Shopping
www.scrubsandbeyond.com,Business/Economy
www.urbandecay.com,Shopping
www.cigaraficionado.com,Tobacco
www.soccerpro.com,Sports/Recreation,Shopping
www.starkbros.com,Shopping
www.mavistire.com,Business/Economy
biggreenegg.com,Restaurants/Dining/Food,Shopping
www.discountramps.com,Health,Vehicles
www.tupperware.com,Shopping
gsaauctions.gov,Government/Legal
www.theyachtmarket.com,Shopping,Vehicles
www.proactiv.com,Health
www.midwestsports.com,Sports/Recreation
smartpakequine.com,Sports/Recreation,Shopping
ylighting.com,Shopping
www.jeppesen.com,Business/Economy
www.gmpartsdirect.com,Vehicles
www.stage3motorsports.com,Vehicles
www.cdnnsports.com,Weapons
www.waterpik.com,Health
www.shoeshow.com,Shopping
www.tourneau.com,Shopping
www.golfdiscount.com,Sports/Recreation,Shopping
www.cutleryandmore.com,Business/Economy,Shopping
www.shoemall.com,Shopping
www.modeltrainstuff.com,Shopping
cellunlocker.net,Technology/Internet
www.polkaudio.com,Business/Economy
www.videofitness.com,Health,Shopping
www.filtersfast.com,Shopping
sundancecatalog.com,Shopping
www.altestore.com,Shopping
www.musicstack.com,Shopping
www.coldsteel.com,Weapons
www.mankind.co.uk,Shopping
www.lifeisgood.com,Business/Economy
www.horchow.com,Shopping
www.prestigetime.com,Shopping
www.dcshoes.com,Sports/Recreation
www.stuartweitzman.com,Shopping
www.backcountryedge.com,Shopping
www.rebelsmarket.com,Shopping
www.diagram.com.ua,Business/Economy
www.rainbowsandals.com,Business/Economy
www.bavauto.com,Vehicles
www.villagehatshop.com,Shopping
www.nowloss.com,Health
www.americanmeadows.com,Shopping
www.pssl.com,Shopping
www.eurooptic.com,Business/Economy
www.painfulpleasures.com,Shopping
www.marinedepot.com,Shopping
www.prezzybox.com,Shopping
www.kingschools.com,Education
www.doitbest.com,Shopping
www.primrose.co.uk,Business/Economy
yarn.com,Shopping
www.stevespanglerscience.com,Education
www.speckproducts.com,Technology/Internet
www.titlenine.com,Shopping
www.bonton.com,Shopping
www.helzberg.com,Shopping
www.rugs-direct.com,Shopping
www.ecampus.com,Technology/Internet
www.thegoodscentscompany.com,Business/Economy
www.gunpartscorp.com,Weapons,Shopping
www.cablestogo.com,Technology/Internet,Shopping
www.valleyvet.com,Shopping
www.tervis.com,Shopping
www.sportrx.com,Shopping
www.artmolds.com,Charitable Organizations
www.backcountrygear.com,Sports/Recreation,Shopping
www.randmcnally.com,Reference
www.longtallsally.com,Shopping
www.glyde.com,Entertainment,Shopping
www.discountschoolsupply.com,Education,Shopping
www.freedrinkingwater.com,Shopping
www.ifit.com,Health
www.oliverbonas.com,Shopping
tripleaughtdesign.com,Sports/Recreation
www.cooksongold.com,Shopping
www.midwestsupplies.com,Shopping
www.mmawarehouse.com,Business/Economy
www.ebid.net,Auctions
www.nobleknight.com,Shopping
www.39dollarglasses.com,Health,Shopping
www.hobbylinc.com,Shopping
naturesgardencandles.com,Shopping
www.defender.com,Shopping
www.secondspin.com,Shopping
www.tfaw.com,Shopping
www.digidirect.com.au,Technology/Internet,Shopping
www.archonia.com,Shopping
www.mbfs.com,Financial Services,Vehicles
www.grandinroad.com,Shopping
www.adagio.com,Restaurants/Dining/Food,Shopping
www.stickergiant.com,Shopping
www.enjukuracing.com,Sports/Recreation,Shopping
www.hogrefe.com,Health
www.elderly.com,Shopping
www.givi.it,Vehicles
www.ksb.com,Business/Economy
www.camerahouse.com.au,Business/Economy
www.kswiss.com,Shopping
www.poolcenter.com,Reference,Shopping
www.swooneditions.com,Shopping
www.sks-bottle.com,Shopping
www.truereligion.com,Shopping
www.sneakerhead.com,Shopping
www.shaneco.com,Shopping
www.bowflex.com,Health,Shopping
www.skiphop.com,Shopping
www.campchef.com,Shopping
www.autohausaz.com,Vehicles
www.himalayawellness.com,Health
shop.bbc.com,News/Media
www.dharmatrading.com,Shopping
www.scosche.com,Shopping
www.shindigz.com,Shopping
www.artbeads.com,Shopping
www.nationalbusinessfurniture.com,Shopping
eil.com,Shopping
www.carlsgolfland.com,Shopping
www.specialtybottle.com,Shopping
bookoutlet.com,Shopping
www.nrs.com,News/Media
www.coolibar.com,Shopping
www.dunhamssports.com,Sports/Recreation,Shopping
www.glassesshop.com,Health,Shopping
www.lodgemfg.com,Business/Economy
www.houseofcb.com,Shopping
www.catalogs.com,Shopping
www.danscomp.com,Sports/Recreation,Shopping
www.onehanesplace.com,Intimate Apparel/Swimsuit,Shopping
www.hobie.com,Sports/Recreation
www.fresh.com,Health
www.bookshare.org,Reference
www.arttoframe.com,Shopping
www.usfreeads.com,Shopping
www.wigs.com,Health,Shopping
www.123stitch.com,Society/Daily Living
www.americansignaturefurniture.com,Shopping
www.shop.bt.com,Business/Economy
kegerator.com,Alcohol
www.brazilianbikinishop.com,Intimate Apparel/Swimsuit
www.eyeglasses.com,Health,Shopping
www.thelimited.com,Business/Economy
www.pdp.com,Shopping,Games
www.geartrade.com,Shopping
www.surefire.com,Shopping
www.waterproofpaper.com,Business/Economy
www.hamradio.com,Shopping
alpinehomeair.com,Shopping
www.uppababy.com,Business/Economy
www.ebbets.com,Shopping
www.foxracing.com,Sports/Recreation,Shopping
www.pharmacy2u.co.uk,Health,Shopping
www.bradfordexchange.com,Shopping
www.bowlingball.com,Sports/Recreation,Shopping
www.movieposter.com,Entertainment
www.anniescatalog.com,Shopping
www.worldsim.com,Technology/Internet
www.planetayurveda.com,Health
goodereader.com,Shopping
www.escentual.com,Business/Economy
www.drfuhrman.com,Health
www.lovell-rugby.co.uk,Sports/Recreation,Shopping
www.monticello.org,Education
www.sharperimage.com,Shopping
www.thehumansolution.com,Business/Economy
www.wilsonsleather.com,Business/Economy
www.hardwax.com,Entertainment,Shopping
coffeebean.com,Restaurants/Dining/Food
www.doversaddlery.com,Shopping
www.blinds-2go.co.uk,Shopping
www.appliancefactoryparts.com,Business/Economy
www.dragondoor.com,Sports/Recreation,Health
www.titleboxing.com,Sports/Recreation,Shopping
www.musicdirect.com,Entertainment
www.pianostreet.com,Entertainment
www.flyingmule.com,Sports/Recreation
www.gunauction.com,Auctions,Weapons
www.aclens.com,Health
www.pennysaverusa.com,Shopping
www.dooney.com,Shopping
www.afepower.com,Vehicles
www.pothys.com,Shopping
www.musicarts.com,Entertainment
www.embroiderydesigns.com,Business/Economy
www.salvagebid.com,Business/Economy
www.holts.com,Shopping,Tobacco
www.twistedthrottle.com,Vehicles
www.dartagnan.com,Business/Economy
www.gunboards.com,Newsgroups/Forums,Weapons
www.steveweissmusic.com,Shopping
www.perryellis.com,Shopping
www.bobbibrowncosmetics.com,Shopping
www.ruffwear.com,Business/Economy,Society/Daily Living,Shopping
www.budgetgolf.com,Shopping
www.whiteflowerfarm.com,Business/Economy
www.holabirdsports.com,Shopping
www.naturebox.com,Restaurants/Dining/Food
www.pictureframes.com,Business/Economy,Shopping
www.dxengineering.com,Shopping
www.cultpens.com,Business/Economy
pacsafe.com,Shopping
www.trxtraining.com,Health
www.clothes2order.com,Shopping
www.e2046.com,Entertainment,Shopping
www.wards.com,Business/Economy
www.jbugs.com,Shopping,Vehicles
www.championshipproductions.com,Shopping
www.shiekhshoes.com,Shopping
www.fortnumandmason.com,Shopping
www.godiva.com,Restaurants/Dining/Food,Shopping
www.universal-radio.com,Business/Economy,Shopping
www.bustedtees.com,Shopping,Humor/Jokes
fieldnotesbrand.com,Shopping
www.btod.com,Business/Economy
www.crownawards.com,Shopping
www.fractureme.com,Technology/Internet
www.lybrary.com,Education
quibids.com,Auctions
www.rubberflooringinc.com,Business/Economy
www.makingcosmetics.com,Health,Shopping
www.statelinetack.com,Shopping
www.cedarworks.com,Shopping
www.rmwilliams.com.au,Shopping
fishusa.com,Shopping
needforseatusa.com,Shopping
www.luggagepros.com,Business/Economy
www.wholelattelove.com,Restaurants/Dining/Food,Shopping
www.murad.com,Health
www.ticwatches.co.uk,Shopping
www.recycler.com,Shopping
www.samsungparts.com,Shopping
www.dacardworld.com,Shopping
www.muamat.com,Reference
www.shayanashop.com,Shopping,Controlled Substances
www.us-appliance.com,Business/Economy
www.focalprice.com,Shopping
www.chefknivestogo.com,Shopping
www.eduard.com,Society/Daily Living
www.filmtools.com,Business/Economy
www.brecks.com,Sports/Recreation,Shopping
www.musicgoround.com,Entertainment
www.magazines.com,Shopping
www.motorcycle-usa.com,Vehicles
www.hkparts.net,Shopping
www.frontiercoop.com,Business/Economy
www.accessories4less.com,Business/Economy
www.guilford.com,Education,Shopping
www.paulfredrick.com,Shopping
www.shoplet.com,Shopping
ergobaby.com,Shopping
www.internationaljock.com,Intimate Apparel/Swimsuit,Shopping
www.wineenthusiast.com,Business/Economy
www.goorin.com,Shopping
www.sportsbasement.com,Shopping
www.fibreglast.com,Shopping
www.clevelandart.org,Art/Culture
www.homeseer.com,Technology/Internet
www.harmanaudio.com,Shopping
www.jamesavery.com,Shopping
www.bostonproper.com,Shopping
www.showmecables.com,Technology/Internet,Shopping
www.purplewave.com,Auctions
www.anglingdirect.co.uk,Sports/Recreation,Shopping
www.jamestowndistributors.com,Shopping
www.classiccarsforsale.co.uk,Vehicles
www.laperla.com,Intimate Apparel/Swimsuit,Shopping
www.artgallery.nsw.gov.au,Art/Culture
www.indianweddingsaree.com,Shopping
www.press.umich.edu,Education
www.foodsaver.com,Shopping
azarius.net,Shopping,Tobacco,Marijuana
www.ross-simons.com,Shopping
www.herrschners.com,Shopping
www.fertilityfriend.com,Health
www.broadwaybox.com,Entertainment
www.gojane.com,Shopping
www.natchezss.com,Sports/Recreation,Shopping
www.hbc.com,Business/Economy
www.touchofclass.com,Technology/Internet
www.everlast.com,Business/Economy
www.naturessunshine.com,Health
www.britishcornershop.co.uk,Business/Economy
www.consumercrafts.com,Shopping
www.levenger.com,Shopping
www.glu.com,Games
www.skdtac.com,Shopping
www.budgetblinds.com,Business/Economy
www.orlebarbrown.com,Shopping
batterystuff.com,Vehicles
www.tapplastics.com,Business/Economy
www.masterlock.com,Business/Economy
www.parkseed.com,Shopping
www.bullmoose.com,Business/Economy
www.sockdreams.com,Business/Economy
www.faucet.com,Shopping
www.doheny.com,Business/Economy
www.bayphoto.com,Shopping
www.drbronner.com,Health,Shopping
www.cavenders.com,Shopping
www.universalcycles.com,Business/Economy
www.woodpeck.com,Shopping
www.snorgtees.com,Shopping
www.propstore.com,Business/Economy
www.yachtworld.co.uk,Vehicles
hearandplay.com,Entertainment,Education
www.ernieball.com,Business/Economy
www.gardensalive.com,Shopping
www.cheapjoes.com,Entertainment,Shopping
www.northerner.com,Shopping
www.fiftyflowers.com,Shopping
www.tipsyelves.com,Shopping
www.cariboucoffee.com,Restaurants/Dining/Food
www.rackattack.com,Vehicles
www.rockislandauction.com,Weapons,Shopping
www.allparts.com,Shopping
www.winebid.com,Alcohol
www.invitationsbydawn.com,Shopping
www.naturehills.com,Business/Economy
www.batteryspace.com,Shopping
www.80stees.com,Shopping
www.officefurnitureonline.co.uk,Business/Economy
beachcamera.com,Shopping
www.acousticalsolutions.com,Business/Economy
www.hipstamp.com,Shopping
www.concealedcarry.com,Weapons
www.sunandski.com,Travel
www.sailrite.com,Business/Economy
www.inlinewarehouse.com,Sports/Recreation,Shopping
www.sailnet.com,Sports/Recreation,Shopping
www.headphone.com,Shopping
www.dansko.com,Shopping
danieldefense.com,Weapons
www.learningstrategies.com,Business/Economy
www.perfectcircuitaudio.com,Shopping
www.promgirl.com,Shopping
www.newdirectionsaromatics.com,Business/Economy
www.pricesmart.com,Shopping
www.timespace.com,Shopping
www.minimania.com,Vehicles
www.japantrendshop.com,Shopping
www.netrition.com,Shopping
www.pearlizumi.com,Sports/Recreation,Shopping
2modern.com,Shopping
www.hornby.com,Shopping
yoyoexpert.com,Society/Daily Living,Shopping
www.homewetbar.com,Shopping
www.gearx.com,Sports/Recreation
www.onlynaturalpet.com,Health
www.littletoncoin.com,Shopping
www.aquasana.com,Business/Economy
apexembdesigns.com,Shopping
www.tradewins.com,Financial Services
www.ransomspares.co.uk,Business/Economy
www.everythingkitchens.com,Shopping
epage.com,Technology/Internet
www.beadaholique.com,Shopping
www.ariat.com,Shopping
www.bistromd.com,Restaurants/Dining/Food,Health
www.americangolf.co.uk,Sports/Recreation,Shopping
shop.nationalgeographic.com,Reference,Education,News/Media
www.servocity.com,Business/Economy
www.okcs.com,Shopping
www.dealdash.com,Auctions
www.recordsale.de,Shopping
www.businessbroker.net,Business/Economy
www.cheesemaking.com,Shopping
www.hipsandcurves.com,Intimate Apparel/Swimsuit,Shopping
www.soletrader.co.uk,Shopping
online.rapidresizer.com,Technology/Internet
militarybyowner.com,Real Estate,Military
www.batteryjunction.com,Shopping
www.puzzlewarehouse.com,Shopping
www.darkknightarmoury.com,Sports/Recreation,Shopping
www.candywarehouse.com,Shopping
www.moviepostershop.com,Shopping
www.highlandwoodworking.com,Business/Economy
www.calendars.com,Shopping
www.jojomamanbebe.co.uk,Shopping
www.roomstogokids.com,Shopping
www.carsoup.com,Vehicles
www.toytokyo.com,Entertainment,Shopping
www.funattic.com,For Kids,Shopping
www.enasco.com,Education,Shopping
www.tilley.com,Shopping
www.logees.com,Business/Economy,Shopping
www.chessex.com,Shopping
www.aquabid.com,Auctions,Shopping
www.wbshop.com,Entertainment
www.daddiesboardshop.com,Sports/Recreation,Shopping
www.gopowersports.com,Vehicles
www.stillen.com,Vehicles
www.oneills.com,Shopping
www.tileshop.com,Shopping
www.electronicexpress.com,Shopping
www.fatbeats.com,Shopping
www.plowhearth.com,Business/Economy
www.pinupgirlclothing.com,Shopping
idjnow.com,Entertainment,Shopping
www.foliosociety.com,Shopping
www.leatherup.com,Shopping,Vehicles
www.dpam.com,Shopping
www.sharpeningsupplies.com,Business/Economy
www.tsfsportswear.com,Shopping
www.candlescience.com,Shopping
www.bigceramicstore.com,Business/Economy
www.securitycameraking.com,Technology/Internet
www.afloral.com,Shopping
www.rvinyl.com,Vehicles
www.blingjewelry.com,Shopping
www.sweetmarias.com,Shopping
www.burtsbees.com,Shopping
www.sciplus.com,Reference,Shopping
www.dartscorner.co.uk,Business/Economy
www.air-n-water.com,Shopping
www.freeclassifieds.com,Shopping
www.power-systems.com,Shopping
mightyskins.com,Suspicious,Shopping
www.humaxdigital.com,Business/Economy
www.ssww.com,Education,Shopping
www.bananafingers.co.uk,Shopping
www.powerbulbs.com,Vehicles
www.press.jhu.edu,Education
www.golfworks.com,Sports/Recreation,Business/Economy,Shopping
www.fungi.com,Health,Shopping
www.rawlings.com,Sports/Recreation
www.organifishop.com,Health
www.highcountrygardens.com,Shopping
www.lightology.com,Business/Economy
www.drpower.com,Shopping
www.megahobby.com,Sports/Recreation,Shopping
plamoya.com,Shopping
www.dollcake.com.au,Shopping
www.walthers.com,Shopping
www.swell.com,Shopping
www.successories.com,Shopping
www.yoogiscloset.com,Shopping
www.footsmart.com,Shopping
storelocator.sprint.com,Technology/Internet
www.igourmet.com,Restaurants/Dining/Food
www.gourmetsleuth.com,Restaurants/Dining/Food
discountedwheelwarehouse.com,Vehicles
www.rehabmart.com,Health
www.smashbox.com,Shopping
www.esprit.com,Shopping
www.sachtler.com,Technology/Internet
www.buybackworld.com,Shopping
www.perfumania.com,Shopping
www.ragstock.com,Business/Economy
www.lehmans.com,Shopping
www.campagnolo.com,Sports/Recreation,Business/Economy,Shopping
www.cablewholesale.com,Technology/Internet,Shopping
www.wetsuitoutlet.co.uk,Business/Economy
www.simplyscuba.com,Shopping
www.zoovillage.com,Shopping
www.maremagnum.com,Entertainment,Shopping
www.monicavinader.com,Shopping
www.theclassyhome.com,Business/Economy
store.metmuseum.org,Art/Culture
adhoards.com,Shopping
www.paintscratch.com,Shopping,Vehicles
www.ridesafely.com,Vehicles
www.textbookx.com,Shopping
www.justmysize.com,Shopping
www.currentcatalog.com,Shopping
spruebrothers.com,Business/Economy
www.cgarsltd.co.uk,Shopping,Tobacco
www.bodum.com,Business/Economy
www.madcatz.com,Technology/Internet
www.partydelights.co.uk,Shopping
www.gowesty.com,Vehicles
www.wemoto.com,Vehicles
www.aviationmegastore.com,Sports/Recreation,Shopping
brickellmensproducts.com,Shopping
sewelldirect.com,Technology/Internet
www.sees.com,Shopping
www.monsterscooterparts.com,Vehicles
www.bouclair.com,Business/Economy
www.flowershopnetwork.com,Shopping
www.wonderlandmodels.com,Shopping
www.carolwrightgifts.com,Shopping
www.jgsales.com,Weapons
www.moscot.com,Health,Shopping
rushfaster.com.au,Shopping
www.requestatest.com,Health
www.entirelypets.com,Shopping
www.racecarsdirect.com,Sports/Recreation,Shopping
www.bid4assets.com,Auctions
www.cardhaus.com,Shopping
www.smythson.com,Business/Economy
www.lovelyskin.com,Health
www.thepapermillstore.com,Shopping
www.naturalgrocers.com,Business/Economy
www.ipdusa.com,Shopping
www.lonewolfdist.com,Weapons
www.delcity.net,Shopping
www.owners.com,Real Estate
www.regatta.com,Shopping
www.btosports.com,Sports/Recreation,Shopping
www.muscletech.com,Health,Shopping
www.allegromedical.com,Health,Shopping
www.factorydirectcraft.com,Shopping
www.messicks.com,Business/Economy
www.1800lighting.com,Business/Economy
www.carsons.com,Shopping
www.batteries.gr,Technology/Internet,Shopping
www.nhbs.com,Reference,Shopping
www.kidsongs.com,Shopping
www.a1supplements.com,Health
www.repeaterstore.com,Shopping
www.officefurniture.com,Business/Economy
www.rubberstamps.net,Business/Economy
heelthatpain.com,Health
www.igloocoolers.com,Business/Economy
www.blendtec.com,Business/Economy
www.laurenshope.com,Shopping
www.expertgps.com,Reference
mbeans.com,Business/Economy
www.fine-tools.com,Shopping
www.upress.umn.edu,Education
www.deramores.com,Shopping
www.snakeriverfarms.com,Business/Economy
www.motorcyclegear.com,Vehicles
www.woolrich.com,Shopping
www.all4cycling.com,Vehicles
www.ellis-brigham.com,Sports/Recreation
www.republicoftea.com,Restaurants/Dining/Food
grovemade.com,Technology/Internet,Shopping
www.hqhair.com,Health
www.hogueinc.com,Weapons,Shopping
www.nutritionexpress.com,Health
www.folkways.si.edu,Reference
www.hivemodern.com,Shopping
www.redrivercatalog.com,Business/Economy
www.modelsport.co.uk,Shopping
www.jlabaudio.com,Shopping
www.michiganbulb.com,Shopping
littlemachineshop.com,Shopping
www.powercommander.com,Shopping
www.plantdelights.com,Business/Economy
www.madisoundspeakerstore.com,Business/Economy
www.yunnansourcing.com,Restaurants/Dining/Food
www.lornajane.com.au,Sports/Recreation,Shopping
www.case-mate.com,Shopping
www.proporta.com,Business/Economy
www.sharmusic.com,Shopping
www.electronics-diy.com,Newsgroups/Forums,Technology/Internet
www.vectonemobile.co.uk,Technology/Internet
www.counterculturecoffee.com,Restaurants/Dining/Food
www.artfulhome.com,Shopping
www.luckymodel.com,Business/Economy
www.matcotools.com,Business/Economy
www.worthingtondirect.com,Business/Economy
www.designtoscano.com,Shopping
www.altronics.com.au,Shopping
www.mden.com,Sports/Recreation
www.myweddingfavors.com,Shopping
www.kidscavern.co.uk,Shopping
americandragon.com,Health
www.cleanitsupply.com,Shopping
www.achillesheel.co.uk,Shopping
www.thehomesecuritysuperstore.com,Weapons
www.essentialdayspa.com,Health
www.watches2u.com,Shopping
www.lostgolfballs.com,Business/Economy
www.striderite.com,Shopping
www.stampauctionnetwork.com,Auctions
www.wilsonamplifiers.com,Shopping
www.urbanbodyjewelry.com,Shopping
www.disneystore.com,Shopping
www.streetsideclassics.com,Vehicles
www.contrado.co.uk,Shopping
www.baxterofcalifornia.com,Health
www.brastop.com,Intimate Apparel/Swimsuit,Shopping
fragonard.com,Shopping
www.bornshoes.com,Business/Economy
www.easyspirit.com,Shopping
baofengtech.com,Technology/Internet
www.aev-conversions.com,Business/Economy
www.jenis.com,Restaurants/Dining/Food
www.womenfitness.net,Health
www.opalauctions.com,Business/Economy
skincarerx.com,Health,Shopping
www.westminstercollection.com,Shopping
www.heirloomroses.com,Shopping
www.umbra.com,Shopping
www.hotsauce.com,Restaurants/Dining/Food
www.hawksmotorsports.com,Vehicles
www.normanrecords.com,Shopping
www.theringlord.com,Sports/Recreation,Shopping
www.mapi.com,Health
www.jpeterman.com,Shopping
www.embarrassingproblems.com,Health
www.pcnation.com,Technology/Internet
www.woolandthegang.com,Shopping
www.soccercorner.com,Business/Economy
www.seedsavers.org,Reference,Shopping
www.rockrun.com,Sports/Recreation,Business/Economy
www.canadadrugs.com,Health
www.shoppok.com,Shopping
www.smartfurniture.com,Shopping
www.powerequipmentdirect.com,Business/Economy
www.allelectronics.com,Business/Economy
www.bipolar-lives.com,Health
www.chagrinvalleysoapandsalve.com,Health
www.3riversarchery.com,Sports/Recreation,Shopping
www.thestampmaker.com,Shopping
www.hansonellis.com,Shopping
www.livre-rare-book.com,Shopping
www.bienmanger.com,Business/Economy
www.themorgan.org,Charitable Organizations
www.singer22.com,Shopping
www.ima-usa.com,Shopping,Military
g.factoryoutletstore.com,Business/Economy
cup.columbia.edu,Education
www.scottevest.com,Shopping
www.golfballs.com,Sports/Recreation,Shopping
www.oldtimecandy.com,Shopping
www.parts.com,Vehicles
www.ringsidecollectibles.com,Shopping
www.coloradocyclist.com,Shopping
www.vandykes.com,Shopping
www.drscholls.com,Health
www.decksdirect.com,Business/Economy
www.dvdempire.com,Entertainment,Shopping
www.blindsgalore.com,Shopping
www.buytwowayradios.com,Shopping
www.performanceplustire.com,Vehicles
www.eonon.com,Technology/Internet,Shopping
www.utrechtart.com,Shopping
www.agjeans.com,Shopping
www.airgunsofarizona.com,Weapons
www.temptationgifts.com,Business/Economy
www.hushpuppies.com,Shopping
www.larsonjewelers.com,Shopping
www.jessicalondon.com,Shopping
www.readings.com.au,Society/Daily Living,Shopping
www.baronfig.com,Entertainment,Technology/Internet
www.therabreath.com,Health,Shopping
www.anniesannuals.com,Shopping
www.icracked.com,Technology/Internet
www.westsidewholesale.com,Shopping
www.bigwords.com,Shopping
www.wineinsiders.com,Alcohol
www.camerajungle.co.uk,Shopping
www.sell.com,Shopping
www.abesofmaine.com,Shopping
www.nativeremedies.com,Health
www.easternmarine.com,Business/Economy
www.thewarstore.com,Shopping
www.brickmania.com,For Kids,Sports/Recreation,Shopping
dinancars.com,Vehicles
jellybelly.com,Shopping
www.sportlots.com,Business/Economy
www.historicmapworks.com,Reference,Shopping
www.cross.com,Shopping
www.discountwatchstore.com,Shopping
www.batterymart.com,Shopping
shop.abc.net.au,Shopping
www.nycewheels.com,Vehicles
www.jondon.com,Business/Economy
www.sarraf.com,Shopping
www.pavers.co.uk,Business/Economy
www.buckknives.com,Weapons,Shopping
www.veganessentials.com,Shopping
www.centurymartialarts.com,Sports/Recreation
www.drinksupermarket.com,Alcohol
www.wetseal.com,Shopping
www.shoei.com,Vehicles
www.notubes.com,Vehicles
www.massmoca.org,Charitable Organizations
www.juststrings.com,Entertainment,Shopping
www.hisroom.com,Intimate Apparel/Swimsuit,Shopping
www.optactical.com,Shopping
www.uniquephoto.com,Shopping
www.funexpress.com,Shopping
www.theimagingsource.com,Technology/Internet
www.performanceaudio.com,Business/Economy
www.ufcstore.com,Entertainment
wisefoodstorage.com,Restaurants/Dining/Food
www.gogreensolar.com,Business/Economy
www.armysurplusworld.com,Shopping
www.relaxtheback.com,Shopping
www.spadepot.com,Shopping
www.fieldsupply.com,Sports/Recreation,Shopping
www.naturalpoint.com,Technology/Internet
www.nywatchstore.com,Shopping
www.wisteria.com,Shopping
www.apeainthepod.com,Shopping
www.seasaltcornwall.co.uk,Business/Economy
www.conrad-electronic.co.uk,Shopping
www.homeofpoi.com,Entertainment
www.simplygames.com,Shopping,Games
www.sstack.com,Shopping
www.appliancepartscompany.com,Technology/Internet,Shopping
www.beserk.com.au,Shopping
gurneys.com,Business/Economy
www.melissaanddoug.com,Business/Economy
www.penhaligons.com,Business/Economy
www.mymms.com,Shopping
www.aigle.com,Shopping
gametz.com,Newsgroups/Forums,Games
www.bluestoneperennials.com,Shopping
www.prairiemoon.com,Shopping
www.swaylocks.com,Sports/Recreation,Shopping
www.holscience.com,Education
www.africaimports.com,Business/Economy
www.villeroy-boch.com,Business/Economy
www.stressless.com,Health,Shopping
www.nancysnotions.com,Shopping
www.lot-art.com,Shopping
www.mhprofessional.com,Education,Shopping
www.rohan.co.uk,Shopping
www.shopbentley.com,Shopping
www.vcoins.com,Sports/Recreation
www.spicesinc.com,Restaurants/Dining/Food
www.moon-audio.com,Business/Economy
www.usedcars.com,Vehicles
www.styledrops.com,Shopping
www.diversdirect.com,Shopping
www.cabinetparts.com,Shopping
www.thegpsstore.com,Technology/Internet,Shopping
www.multiply.com,Shopping,Social Networking
www.lumeradiamonds.com,Shopping
afremov.com,Shopping
www.garrettwade.com,Shopping
www.grafs.com,Sports/Recreation,Shopping
www.go2marine.com,Business/Economy,Shopping
www.irregularchoice.com,Business/Economy
www.ganoexcel.com,Business/Economy
www.hush-uk.com,Shopping
www.pettipond.com,Shopping
www.lllreptile.com,Shopping
www.chiefaircraft.com,Vehicles
www.cbsstore.com,Shopping
bellforestproducts.com,Shopping
www.skywatches.com.sg,Business/Economy
www.aspinaloflondon.com,Business/Economy
lonestarpercussion.com,Entertainment,Shopping
www.safelincs.co.uk,Business/Economy
www.americanframe.com,Business/Economy
www.atgstores.com,Business/Economy
orcacoolers.com,Business/Economy
www.mgbwhome.com,Business/Economy
www.packersproshop.com,Sports/Recreation,Shopping
www.oneida.com,Shopping
www.corksport.com,Vehicles
www.bestcigarprices.com,Shopping,Tobacco
www.usagold.com,Business/Economy
www.ezydvd.com.au,Entertainment,Shopping
www.adamhall.com,Business/Economy
www.umarexusa.com,Sports/Recreation,Shopping
loa.org,Art/Culture,Education
www.delphiglass.com,Shopping
www.bartswatersports.com,Shopping
www.pfiwestern.com,Shopping
www.shoppbs.org,Shopping
www.clcboats.com,Vehicles
www.vpxsports.com,Health
www.tubedepot.com,Entertainment,Shopping
www.tooldiscounter.com,Shopping
www.thebalm.com,Health
www.johnsonville.com,Restaurants/Dining/Food
www.garrafeiranacional.com,Alcohol
www.pennstateind.com,Shopping
www.designsbyjuju.com,Business/Economy
www.lenox.com,Shopping
www.als.com,Technology/Internet
biotest.t-nation.com,Health
www.allthingsjeep.com,Shopping
www.moss-europe.co.uk,Shopping,Vehicles
www.mx5parts.co.uk,Shopping
www.amerimark.com,Shopping
www.mountainhouse.com,Business/Economy
www.bernardiparts.com,Business/Economy
onlygold.com,Shopping
www.cartoonnetworkshop.com,Shopping
www.invitationconsultants.com,Shopping
www.surveillance-video.com,Business/Economy
lacrosseunlimited.com,Sports/Recreation
www.toolstoday.com,Shopping
www.squadron.com,Business/Economy
www.shopsbt.com,Vehicles
winelibrary.com,Shopping,Alcohol
swfa.com,Weapons,Shopping
www.chesshouse.com,Shopping
lingeriediva.com,Intimate Apparel/Swimsuit,Shopping
www.tijuanaflats.com,Restaurants/Dining/Food
www.wrappz.com,Technology/Internet
www.kellycodetectors.com,Health
www.mannlakeltd.com,Reference
cathe.com,Health
tshirthell.com,Shopping,Adult/Mature Content
www.powerboatlistings.com,Vehicles
www.barproducts.com,Shopping
www.neptunecigar.com,Tobacco
www.nicks.com.au,Alcohol
www.sup.org,Education
www.testclear.com,Scam/Questionable/Illegal
havahart.com,Shopping
www.rinovelty.com,Shopping
www.diecastmodelswholesale.com,Shopping
www.rcplanet.com,Business/Economy
www.mooncup.co.uk,Health
www.nightingale.com,Shopping
www.paulayoung.com,Shopping
www.greddy.com,Vehicles
www.icons.com,Sports/Recreation
www.mysteriouspackage.com,Business/Economy
www.rugdoctor.com,Business/Economy
www.modelflight.com.au,Vehicles
www.strapworks.com,Shopping
www.fruitguys.com,Business/Economy
www.liquidblue.com,Shopping
www.jbrandjeans.com,Shopping
www.needledoctor.com,Shopping
www.pacificabeauty.com,Shopping
www.procivic.com,Business/Economy
www.aemintakes.com,Vehicles
www.terro.com,Business/Economy
www.ortho.com,Business/Economy
www.backscatter.com,Sports/Recreation,Business/Economy
www.escortradar.com,Business/Economy
www.gpscity.com,Technology/Internet,Shopping
www.planecheck.com,Vehicles
www.uniden.com,Business/Economy
www.vesternet.com,Technology/Internet
www.herbco.com,Restaurants/Dining/Food
www.apogeerockets.com,Sports/Recreation
www.chapellerie-traclet.com,Shopping
www.hollywoodmemorabilia.com,Entertainment,Shopping
www.framedestination.com,Shopping
www.airsoftatlanta.com,Sports/Recreation,Shopping
www.mesaboogie.com,Shopping
www.crazycrow.com,Business/Economy
www.aso.com,Vehicles
www.westcoastseeds.com,Restaurants/Dining/Food
sunwarrior.com,Health
www.apsltd.com,Shopping,Vehicles
www.philosophy.com,Business/Economy
www.thatpetplace.com,Shopping
www.whittard.co.uk,Business/Economy
www.futurlec.com,Technology/Internet,Shopping
www.realtree.com,Sports/Recreation
www.lauramercier.com,Shopping
www.midwestgunworks.com,Weapons
ogio.com,Business/Economy
www.covercraft.com,Vehicles
www.blindstogo.com,Shopping
www.grasslandbeef.com,Restaurants/Dining/Food
micromark.com,Shopping
www.catfootwear.com,Shopping
www.firefold.com,Business/Economy
www.dutch-passion.com,Suspicious
www.diabolikdvd.com,Entertainment,Shopping
www.jefferspet.com,Shopping
www.starwest-botanicals.com,Health,Shopping
www.stopagingnow.com,Health
www.freshpair.com,Intimate Apparel/Swimsuit,Shopping
www.gbase.com,Shopping
www.lacolombe.com,Restaurants/Dining/Food
www.deserres.ca,Art/Culture
www.thespicehouse.com,Shopping
www.seedheritage.com,Shopping
www.easyapplianceparts.com,Business/Economy
www.freshwatersystems.com,Business/Economy
www.attraction-tickets-direct.co.uk,Travel
www.springhillnursery.com,Shopping
www.hannants.co.uk,Shopping
www.beprepared.com,Shopping
www.junghans.de,Reference
www.replacementremotes.com,Shopping
www.wilsoncombat.com,Weapons
www.channelmaster.com,Business/Economy
www.ktm-parts.com,Business/Economy
liquorama.net,Shopping,Alcohol
www.stringsbymail.com,Business/Economy
www.worldlabel.com,Business/Economy,Technology/Internet
www.countycomm.com,Business/Economy
www.freedomscientific.com,Technology/Internet
www.hobbytron.com,Sports/Recreation,Shopping
www.bcwsupplies.com,Business/Economy
k-bid.com,Business/Economy
www.moon.com,Travel
www.southmoonunder.com,Shopping
www.freestylephoto.biz,Shopping
www.korin.com,Business/Economy
www.travelsmith.com,Shopping
www.islesurfandsup.com,Sports/Recreation,Shopping
www.timpson.co.uk,Shopping
www.rrauction.com,Auctions
www.harmondiscount.com,Health,Shopping
www.mazumamobile.com,Technology/Internet
www.harney.com,Shopping
www.suncoastparts.com,Vehicles
www.headcovers.com,Health
www.bizben.com,Business/Economy
www.charitybuzz.com,Entertainment
www.campmor.com,Shopping
www.spinlife.com,Health,Shopping
www.sewingmachinesplus.com,Business/Economy
www.plates4less.co.uk,Shopping,Vehicles
www.streetshirts.co.uk,Shopping
www.directgardening.com,Sports/Recreation
www.midsouthshooterssupply.com,Weapons,Shopping
www.palaisdesthes.com,Restaurants/Dining/Food,Shopping
www.roushperformance.com,Business/Economy
evacuumstore.com,Shopping
www.arizonacustomknives.com,Weapons
www.hotelchocolat.com,Shopping,Travel
www.autoauctionmall.com,Vehicles
www.lensdirect.com,Reference
www.ordertree.com,Business/Economy
headsetplus.com,Shopping
www.tccq.com,Technology/Internet,Shopping
www.sewandso.co.uk,Shopping
www.watershed.net,Health
lovelywholesale.com,Business/Economy
thetubestore.com,Business/Economy
store.digitalrev.com,Technology/Internet,Shopping
www.eclassical.com,Audio/Video Clips,News/Media
www.hats.com,Shopping
www.mikescigars.com,Tobacco
www.doubleyourdating.com,Personals/Dating
www.costumesupercenter.com,Shopping
www.wheelbasealloys.com,Vehicles
www.pooldawg.com,Business/Economy
www.retroplanet.com,Shopping
www.klim.com,Sports/Recreation
www.condomdepot.com,Sex Education,Shopping
www.discraft.com,Sports/Recreation,Reference,Shopping
www.steinersports.com,Sports/Recreation,Shopping
www.cellsea.com,Mixed Content/Potentially Adult,Software Downloads
intelligentsiacoffee.com,Business/Economy,Restaurants/Dining/Food
www.bajadesigns.com,Shopping
www.gomiata.com,Shopping
www.electriccalifornia.com,Shopping
www.thedrinkshop.com,Alcohol
www.sklz.com,Sports/Recreation
www.chefworks.com,Shopping
www.fright-rags.com,Business/Economy
www.tefal.com,Business/Economy
www.saltwaterfish.com,Shopping
www.peruvianconnection.com,Shopping
www.cvlinens.com,Shopping
shop.npr.org,Shopping
www.nutracheck.co.uk,Health
www.gophersport.com,Sports/Recreation
www.finestcubancigars.com,Tobacco
www.taminoautographs.com,Entertainment
www.bbr.com,Shopping,Alcohol
www.us-elitegear.com,Shopping
www.kinolorber.com,Entertainment
www.mynamenecklace.com,Shopping
www.ironmanstore.com,Shopping
www.qmuniforms.com,Shopping
www.simplyspeakers.com,Business/Economy
www.bigalspets.com,Shopping
www.wellnessresources.com,Health,Shopping
www.hockeygiant.com,Sports/Recreation,Shopping
www.toolsource.com,Shopping
www.atncorp.com,Business/Economy
www.newsstand.co.uk,Shopping
www.pangeareptile.com,Society/Daily Living
www.mercedessource.com,Vehicles
www.badgerbalm.com,Health
www.rollerblade.com,Sports/Recreation
www.bowling.com,Shopping
www.trophydepot.com,Shopping
yachtharbour.com,Business/Economy
workingperson.com,Shopping
www.thechaingang.com,Shopping
www.crimsontrace.com,Weapons
www.diplomaframe.com,Reference,Education
www.xenondepot.com,Vehicles
birkenstockexpress.com,Shopping
www.toolpartsdirect.com,Business/Economy
www.hypertherm.com,Business/Economy
www.music123.com,Entertainment,Shopping
www.angara.com,Business/Economy
www.karhu.com,Sports/Recreation
www.seaeagle.com,Shopping
www.bizchair.com,Shopping
www.legalseafoods.com,Restaurants/Dining/Food,Shopping
kitchensource.com,Business/Economy
www.makeupartistschoice.com,Shopping
www.eotechinc.com,Weapons
www.keepshooting.com,Weapons
www.mackspw.com,Sports/Recreation,Shopping
www.chefswarehouse.com,Business/Economy
www.birdguides.com,Reference,Shopping
www.sunypress.edu,Education
www.guitarsalon.com,Shopping
www.outdoorandcountry.co.uk,Shopping
www.davewilson.com,Business/Economy
www.lexandlu.com,Shopping
www.treefrogtreasures.com,Shopping
www.glen-l.com,Sports/Recreation
www.aftco.com,Business/Economy
www.thebathoutlet.com,Shopping
www.ka-gold-jewelry.com,Shopping
www.medalsofamerica.com,Shopping,Military
www.mossmotors.com,Vehicles
www.freshtrends.com,Business/Economy
www.bookbyte.com,Education,Shopping
www.duluthpack.com,Business/Economy
www.jack-wolfskin.com,Shopping
www.japanwelt.de,Shopping
www.scoredraw.com,Sports/Recreation,Shopping
www.davidaustinroses.com,Shopping
centerfiresystems.com,Weapons
www.xtrons.com,Shopping
www.collectif.co.uk,Shopping
www.greatcollections.com,Shopping
www.discstore.com,Shopping
emotiv.com,Technology/Internet
www.disturbia.co.uk,Shopping
www.qualitymobilevideo.com,Business/Economy
www.lucchese.com,Shopping
www.watchbuys.com,Shopping
www.fashionfabricsclub.com,Shopping
www.hemi-sync.com,Health
www.toolup.com,Business/Economy
www.powerwerx.com,Shopping
www.webstore.com,Auctions
www.cardsdirect.com,Shopping
kuryakyn.com,Shopping
store.ijdmtoy.com,Vehicles
stellatech.com,Shopping
www.voltlighting.com,Business/Economy
www.thermos.com,Business/Economy
www.tuscanyleather.it,Business/Economy
www.zodiacpoolsystems.com,Business/Economy
www.simplybeach.com,Intimate Apparel/Swimsuit
www.hodgesmarine.com,Technology/Internet,Shopping
www.theshoemart.com,Shopping
www.torontohemp.com,Marijuana
www.fixmyblinds.com,Business/Economy
www.bestbuyautoequipment.com,Shopping,Vehicles
www.joesjeans.com,Shopping
www.dtm.at,Entertainment,Shopping
www.simplytoimpress.com,Business/Economy
www.audioadvisor.com,Business/Economy
www.jjgames.com,Shopping,Games
www.wheelfire.com,Shopping,Vehicles
www.therawfoodworld.com,Restaurants/Dining/Food
www.lsoauctions.com,Business/Economy
www.eparks.com,Travel
www.sizzix.com,Shopping
www.roverparts.com,Vehicles
www.jacksonandperkins.com,Shopping
www.woodenswords.com,Shopping
subaruparts.com,Vehicles
www.buffusa.com,Business/Economy
www.directhomemedical.com,Business/Economy
www.agv.com,Vehicles
www.bluebanana.com,Shopping
www.hrewheels.com,Vehicles
www.dripdepot.com,Business/Economy
www.gettoolsdirect.com.au,Business/Economy
www.cariloha.com,Shopping
www.purefjcruiser.com,Vehicles
www.220-electronics.com,Shopping
www.ambientweather.com,Shopping
corbin.com,Vehicles
www.yearone.com,Vehicles
www.devalk.nl,Business/Economy
www.leeprecision.com,Business/Economy
www.primalwear.com,Business/Economy
www.ammunitionstore.com,Weapons
www.sportarena.gr,Sports/Recreation,Shopping
www.attitudeclothing.co.uk,Shopping
unlvtickets.com,Shopping
www.skinomi.com,Technology/Internet,Shopping
artbrokerage.com,Art/Culture,Shopping
www.interstatemusic.com,Shopping
www.hilleberg.com,Sports/Recreation
puckerbuttpeppercompany.com,Restaurants/Dining/Food
www.modani.com,Shopping
www.dustygroove.com,Shopping
www.euppublishing.com,Education
www.obeygiant.com,Entertainment
petloverscentre.com,Society/Daily Living
www.frenchtoast.com,Shopping
www.collectorscache.com,Shopping
www.cetaphil.com,Health
www.kunstkopie.de,Entertainment
www.ammunitiontogo.com,Weapons,Shopping
www.udans.com,Business/Economy
www.agatha.fr,Shopping
www.madisonseating.com,Shopping
www.chekinstitute.com,Health,Shopping
www.maxstudio.com,Business/Economy
www.swimmingpool.com,Business/Economy
www.caviar.com,Business/Economy
www.couturecandy.com,Shopping
www.icejerseys.com,Sports/Recreation,Shopping
www.nosler.com,Business/Economy
www.katinusa.com,Shopping
www.blissworld.com,Health,Shopping
www.minimus.biz,Shopping
www.teenyb.com,Intimate Apparel/Swimsuit
www.cleanlinesurf.com,Sports/Recreation,Shopping
www.museumreplicas.com,Shopping
www.thenaturalsapphirecompany.com,Shopping
www.mrsmeyers.com,Shopping
www.seasalt.com,Shopping
www.onlinegolf.co.uk,Sports/Recreation,Shopping
www.eckraus.com,Shopping
www.thebbqdepot.com,Restaurants/Dining/Food
www.burrisoptics.com,Business/Economy
www.bloomsbythebox.com,Shopping
www.rightboat.com,Vehicles
www.sunsetter.com,Business/Economy,Shopping
www.domesticsale.com,Shopping
www.dickiesstore.co.uk,Business/Economy
www.hansenwholesale.com,Business/Economy
www.masterworksfineart.com,Art/Culture
www.lindtusa.com,Shopping
www.leerburg.com,Society/Daily Living
whitehousegiftshop.com,Shopping
www.rg-racing.com,Vehicles
www.royaldesignstudio.com,Shopping
www.leonpaul.com,Sports/Recreation,Shopping
www.visirun.com,Business/Economy
www.stormking.org,Charitable Organizations
www.lagunatools.com,Shopping
www.autobodytoolmart.com,Business/Economy
www.creativeteaching.com,Education,Shopping
coffeeam.com,Restaurants/Dining/Food,Shopping
www.screenarchives.com,Entertainment
www.adiamor.com,Business/Economy
www.smithandnoble.com,Shopping
www.zegna.com,Business/Economy
www.design911.co.uk,Business/Economy
www.decoart.com,Sports/Recreation
www.greenlee.com,Business/Economy
www.fromnaturewithlove.com,Shopping
www.militaryclothing.com,Shopping,Military
www.softstarshoes.com,Business/Economy
www.orchardcorset.com,Intimate Apparel/Swimsuit,Shopping
www.scantool.net,Technology/Internet
www.bikeparts.com,Business/Economy
www.gourmetgiftbaskets.com,Business/Economy
www.lie-nielsen.com,Shopping
www.welectronics.com,Shopping
www.bodyglove.com,Shopping
www.buggiesunlimited.com,Vehicles
www.bagborroworsteal.com,Shopping
www.ejazzlines.com,Entertainment,Shopping
www.rustyzipper.com,Shopping
www.polynesia.com,Travel
www.itsworthmore.com,Technology/Internet
www.decoratorsbest.com,Shopping
www.betterbatt.com.au,Shopping
www.metaldetector.com,Shopping
hondata.com,Technology/Internet
www.deandeluca.com,Shopping
www.dailyneeds247.com,Shopping
www.3wishes.com,Intimate Apparel/Swimsuit,Shopping
www.weddingstar.com,Business/Economy
www.fullspeedahead.com,Vehicles
www.drinkstuff.com,Shopping
www.designsbysick.com,Business/Economy
www.toffs.com,Business/Economy
www.stauer.com,Shopping
www.linksoflondon.com,Shopping
www.japanesechefsknife.com,Shopping
www.harrietcarter.com,Shopping
www.mypicot.com,Society/Daily Living
www.ryda.com.au,Shopping
www.artistcraftsman.com,Business/Economy
www.shopfactorydirect.com,Business/Economy
www.antikvariat.net,Shopping
www.hairdirect.com,Health
lambiek.net,Entertainment
www.handtec.co.uk,Shopping
www.dawsonprecision.com,Weapons
www.voler.com,Sports/Recreation,Shopping
gundogsupply.com,Shopping
www.waysidegardens.com,Shopping
www.babyjogger.com,Business/Economy
www.reckeweg-india.com,Health,Shopping
www.mileskimball.com,Shopping
www.cheryls.com,Shopping
www.trick-tools.com,Business/Economy
www.culligan.com,Business/Economy
www.everythingaustralian.com.au,Shopping
www.stacyadams.com,Shopping
www.ritukumar.com,Shopping
www.shedsforlessdirect.com,Business/Economy
www.baseballexpress.com,Sports/Recreation,Shopping
www.openflyers.com,Office/Business Applications
www.mca-marines.org,Shopping,Government/Legal
www.plaidonline.com,Shopping
www.alflahertys.com,Business/Economy
www.justforjeeps.com,Business/Economy
www.excelsports.com,Sports/Recreation,Shopping
www.ideal808.com,Shopping
www.blockbuster.com,Entertainment,Shopping
www.apextactical.com,Weapons
www.aircraft24.com,Vehicles
www.gaylord.com,Shopping
www.windycitynovelties.com,Shopping
www.mygsm.me,Shopping
www.musto.com,Sports/Recreation,Shopping
www.shearcomfort.com,Business/Economy
www.valuemags.com,Shopping
www.savinglots.com,Shopping
cameraquest.com,Shopping
www.stringsandbeyond.com,Entertainment,Shopping
www.estatesale.com,Real Estate
www.surplusstore.co.uk,Suspicious,Weapons,Shopping
www.posterlounge.co.uk,Entertainment
www.ozonebilliards.com,Sports/Recreation,Shopping
www.lpgear.com,Shopping
www.mynetdiary.com,Health
www.ronjonsurfshop.com,Business/Economy
www.rosebrand.com,Business/Economy
www.usoutdoor.com,Shopping
www.stonewallkitchen.com,Business/Economy,Restaurants/Dining/Food
www.brotherstrucks.com,Shopping
www.rivbike.com,Business/Economy
www.bluewaterweb.com,Business/Economy
www.mdiecast.com,Shopping
www.puretalkusa.com,Technology/Internet
www.wbu.com,Shopping
www.nutrex-hawaii.com,Health
www.toptropicals.com,Shopping
www.tenthousandvillages.com,Business/Economy
www.elusivedisc.com,Business/Economy,Shopping
www.poolsupplies.com,Shopping
www.planetdj.com,Entertainment,Shopping
www.radioworld.co.uk,Shopping
www.griotsgarage.com,Shopping
www.timelife.com,Entertainment,Shopping
www.sleepez.com,Business/Economy
www.bakerross.co.uk,Shopping
www.marstar.ca,Weapons
www.amazinggrass.com,Health,Shopping
www.abugames.com,Sports/Recreation,Shopping
www.webclassifieds.us,Business/Economy
www.bijan.com,Health
www.grunt.com,Shopping,Military
www.tienda.com,Business/Economy,Restaurants/Dining/Food
www.johngreedjewellery.com,Shopping
www.skylighter.com,Shopping
www.wrenchscience.com,Sports/Recreation,Shopping
www.sabrered.com,Weapons
www.frameusa.com,Shopping
www.organizeit.com,Shopping
www.rudysbbq.com,Restaurants/Dining/Food
www.ganzestore.com,Shopping,Games
www.cip1.com,Vehicles
www.all-battery.com,Shopping
www.plushbeds.com,Shopping
www.aussiedisposals.com.au,Business/Economy
www.seattlefabrics.com,Business/Economy
www.mysticstamp.com,Shopping
www.step2.com,Business/Economy
annthegran.com,Sports/Recreation
www.yvesrocherusa.com,Shopping
www.heavenandearthdesigns.com,Entertainment
www.lanshack.com,Technology/Internet
www.mexgrocer.com,Restaurants/Dining/Food,Shopping
www.hippieshop.com,Shopping
www.midi-hits.com,Entertainment
www.tradewindsfruit.com,Shopping
www.endurancewarranty.com,Vehicles
www.teamusashop.com,Shopping
www.colemans.com,Shopping
www.dragonherbs.com,Health
www.dragspecialties.com,Vehicles
touratech-usa.com,Shopping,Vehicles
www.merrickpetcare.com,Society/Daily Living,Shopping
www.pediwear.co.uk,Shopping
www.caseable.com,Technology/Internet
detroitwheelandtire.com,Vehicles
byjasco.com,Business/Economy
outdoorplay.com,Sports/Recreation
www.savoryspiceshop.com,Business/Economy
www.steinertractor.com,Business/Economy
www.boatersland.com,Business/Economy
www.sscycle.com,Vehicles
www.quickflix.com.au,Entertainment,TV/Video Streams
www.newreg.co.uk,Shopping,Vehicles
www.importcds.com,Business/Economy
www.mfjenterprises.com,Shopping
naturemade.com,Health
www.hdis.com,Shopping
www.onlyinboards.com,Vehicles
www.buysnus.com,Shopping,Tobacco
www.oregonpatchworks.com,Shopping
www.asianfoodgrocer.com,Shopping
www.bestbuyeyeglasses.com,Shopping
www.skinzwear.com,Intimate Apparel/Swimsuit
www.ataglance.com,Shopping
www.seductionscience.com,Personals/Dating,Adult/Mature Content
www.strictlymedicinalseeds.com,Restaurants/Dining/Food
www.winecountrygiftbaskets.com,Shopping
shop.cbssports.com,Sports/Recreation
worldmapsonline.com,Shopping
www.panteek.com,Business/Economy
www.northshorecare.com,Business/Economy
www.atbbq.com,Restaurants/Dining/Food
www.seedman.com,Shopping
www.paperwishes.com,Business/Economy
www.nutrabio.com,Health
www.bidz.com,Auctions
www.europasports.com,Shopping
www.schulershoes.com,Shopping
www.bagsunlimited.com,Shopping
www.aceros-de-hispania.com,Sports/Recreation,Shopping
www.mead.com,Business/Economy
www.getjackblack.com,Health,Shopping
www.quartoknows.com,Shopping
www.gromaudio.com,Business/Economy
www.greendust.com,Shopping
www.canadapharmacy.com,Health
www.qualitybath.com,Shopping
www.noguchi.org,Charitable Organizations
www.butterflyonline.com,Sports/Recreation,Shopping
www.tubesandmore.com,Shopping
www.eocinstitute.org,Health
www.everythingcrossstitch.com,Sports/Recreation
www.airteamimages.com,Military
www.steeda.com,Shopping
www.attractivewear.net,Intimate Apparel/Swimsuit,Shopping,Adult/Mature Content
www.partsvoice.com,Vehicles
www.nicolas.com,Shopping,Alcohol
www.ringside.com,Sports/Recreation,Shopping
www.fixmyhog.com,Business/Economy
www.expresschemist.co.uk,Health
www.knifeworks.com,Shopping
soccer.epicsports.com,Sports/Recreation,Shopping
www.woolery.com,Shopping
www.whiteflash.com,Shopping
www.plat.co.jp,Shopping
www.projectorscreen.com,Business/Economy
www.dollsofindia.com,Shopping
www.l-r-g.com,Entertainment
www.despair.com,Shopping
www.peltzshoes.com,Shopping
www.horror-shop.com,Shopping
www.petdoors.com,Business/Economy,Shopping
www.glockmeister.com,Weapons
www.murrayscheese.com,Shopping
www.bikeman.com,Sports/Recreation,Business/Economy,Shopping
www.scannermaster.com,Business/Economy
www.mcdermottcue.com,Sports/Recreation,Shopping
www.frightprops.com,Shopping
www.thrivelife.com,Shopping
www.readingglasses.com,Health
www.safetystore.com,Health
www.fabricmartfabrics.com,Business/Economy
www.waterfilters.net,Shopping
www.premieryarns.com,Society/Daily Living
alakazam.co.uk,Shopping
www.lmii.com,Business/Economy
shop.uclastore.com,Education,Shopping
www.thetahealing.com,Health
www.brotherswithglass.com,Scam/Questionable/Illegal
www.princetonwatches.com,Shopping
www.haymarketbooks.org,Political/Social Advocacy
www.hatland.com,Shopping
www.teavana.com,Restaurants/Dining/Food,Shopping
www.wineaccess.com,Shopping,Alcohol
www.cobra.com,Business/Economy,Technology/Internet
www.vitaminlife.com,Health
www.dermadoctor.com,Health
fabrics-store.com,Shopping
easytogrowbulbs.com,Business/Economy
www.stantons.com,Education
www.seriouspuzzles.com,Shopping
www.secretsinlace.com,Intimate Apparel/Swimsuit
www.rearviewsafety.com,Shopping
www.valentine1.com,Vehicles
www.surplussales.com,Shopping
www.lalalandrecords.com,Entertainment
www.paperandmore.com,Shopping
www.clagrills.com,Shopping
www.candystore.com,Shopping
www.applegate.com,Search Engines/Portals
www.enttec.com,Business/Economy,Shopping
www.bellsshoes.co.uk,Shopping
helmboots.com,Shopping
www.muenzeoesterreich.at,Shopping
www.austinhomebrew.com,Alcohol
www.territoryahead.com,Shopping
www.ohnuts.com,Shopping
sourpussclothing.com,Shopping
www.solostove.com,Business/Economy
www.perfectmemorials.com,Business/Economy
www.ringophone.com,Software Downloads
cambriabike.com,Sports/Recreation
www.ontimesupplies.com,Business/Economy
www.nrsworld.com,Shopping
www.russellathletic.com,Sports/Recreation,Business/Economy
www.tvserviceparts.com,Business/Economy
www.turntableneedles.com,Shopping
www.oldride.com,Vehicles
www.pegasusautoracing.com,Vehicles
www.directdoorhardware.com,Shopping
www.lightbulbs4cars.com,Vehicles
www.afflictionclothing.com,Business/Economy
www.coronacigar.com,Shopping,Tobacco
www.vintagetub.com,Business/Economy,Shopping
www.asiabooks.com,Business/Economy
www.cuttingedgestencils.com,Shopping
www.funandfunction.com,Education,Health,Shopping
www.mcphee.com,Shopping,Humor/Jokes
www.hifisoundconnection.com,Entertainment,Shopping
www.twinsix.com,Shopping
www.chesscentral.com,Games
scholarschoice.ca,Education
www.jsflyfishing.com,Shopping
www.karatemart.com,Shopping
www.candlesandsupplies.net,Shopping
www.forplaycatalog.com,Intimate Apparel/Swimsuit,Shopping
www.weitze.net,Shopping,Military
www.vermontteddybear.com,Business/Economy,Reference
www.sailorjerry.com,Entertainment
www.crazyshirts.com,Shopping
www.overland.com,Shopping
www.crabtree-evelyn.com,Shopping
www.pacificcoast.com,Shopping
www.myknobs.com,Shopping
www.yoshimura-rd.com,Sports/Recreation
www.sasshoes.com,Shopping
paperlanternstore.com,Shopping
www.advancedfictionwriting.com,Entertainment
www.aquascapeinc.com,Business/Economy
www.dominoes.com,Shopping
www.ampeg.com,Business/Economy
www.idealwine.com,Business/Economy
www.mudhole.com,Shopping
www.mabelslabels.com,Shopping
www.angryyoungandpoor.com,Shopping
www.comparecellular.ca,Business/Economy
www.sunmountain.com,Shopping
www.serenityhealth.com,Health
delorean.com,Vehicles
comicartcommunity.com,Entertainment
www.libertysafe.com,Business/Economy
www.manicpanic.com,Health,Shopping
www.web2carz.com,Vehicles
www.wildbirdsetc.com,Business/Economy
www.orbitalfasteners.co.uk,Business/Economy
www.jampaper.com,Shopping
www.boudinbakery.com,Restaurants/Dining/Food
www.michtoy.com,Shopping
www.shipwreckbeads.com,Shopping
www.hamiltonbook.com,Shopping
www.hooksandlattice.com,Business/Economy
www.broncograveyard.com,Shopping,Vehicles
www.mountaingear.com,Shopping
www.stephenwiltshire.co.uk,Entertainment
www.nazmiyalantiquerugs.com,Shopping
www.shopsmith.com,Shopping
www.tabasco.com,Restaurants/Dining/Food
www.federalpremium.com,Weapons,Shopping
www.kiefer.com,Sports/Recreation,Intimate Apparel/Swimsuit,Shopping
www.houseofstaunton.com,Shopping
www.neptunesystems.com,Business/Economy
www.victoriantradingco.com,Shopping
www.trutechtools.com,Business/Economy
www.bernardwatch.com,Shopping
www.radial.com,Technology/Internet
www.westmusic.com,Charitable Organizations
www.electricfireplacesdirect.com,Shopping
www.yesvideo.com,Technology/Internet
www.shopwildthings.com,Shopping
www.tablelegs.com,Business/Economy
store.nascar.com,Shopping
www.autopten.com,Vehicles
www.auracacia.com,Health
www.carcovers.com,Vehicles
sproutpeople.org,Restaurants/Dining/Food
www.woodstore.net,Shopping
www.modelroundup.com,Shopping
www.onlinecarstereo.com,Shopping
www.fashionablecanes.com,Health
www.rokform.com,Business/Economy
www.philmotors.com,Vehicles
www.myessentia.com,Shopping
www.safespaceprotection.com,Health
www.gkelite.com,Shopping
www.afors.com,Vehicles
www.thefutonshop.com,Shopping
www.garrettpopcorn.com,Restaurants/Dining/Food
www.fabricdepot.com,Shopping
www.hardwaresource.com,Business/Economy
www.hatcountry.com,Shopping
www.trollbeads.com,Shopping
www.ronayers.com,Vehicles
www.xl-shop.com,Shopping
www.computercablestore.com,Shopping
www.planetdrugsdirect.com,Health
www.usaopoly.com,Sports/Recreation
www.greathobbies.com,Sports/Recreation
www.wowhd.co.uk,Shopping
www.morethanpaper.com,Shopping
www.jimmybeanswool.com,Shopping
www.algone.com,Society/Daily Living
www.cpr-savers.com,Health,Shopping
www.inmod.com,Business/Economy
www.wowwigs.com,Business/Economy,Health
www.langstons.com,Shopping
www.bonsaioutlet.com,Shopping
www.suspenderstore.com,Shopping
www.giftblooms.com,Shopping
www.aperture.org,Entertainment
www.desantisholster.com,Shopping
www.fralinpickups.com,Business/Economy
www.performbetter.com,Business/Economy,Health
www.maxiaids.com,Health
www.dripworks.com,Business/Economy
www.totaram.com,Business/Economy
www.azgardens.com,Shopping
www.jackssurfboards.com,Shopping
www.fiberoptics4sale.com,Technology/Internet
www.biggerbras.com,Intimate Apparel/Swimsuit,Shopping
www.swimspot.com,Intimate Apparel/Swimsuit,Shopping
www.sportsmith.net,Shopping
www.ecblendflavors.com,Restaurants/Dining/Food
spyassociates.com,Business/Economy
www.grillgrate.com,Restaurants/Dining/Food
www.1stoplighting.com,Shopping
www.epharmacy.com.au,Health
www.horse.com,Business/Economy
www.thespaceshop.com,Business/Economy
www.annsbridalbargains.com,Shopping
www.jennycraig.com,Health
www.42photo.com,Shopping
www.flynnohara.com,Shopping
www.bigshoes.com,Shopping
animalbehaviorcollege.com,Education
www.cabletiesandmore.com,Shopping
www.mdt.co.uk,Entertainment,Shopping
www.candlewic.com,Shopping
www.studio1productions.com,Shopping
www.mymetabolicmeals.com,Health
www.wdrake.com,Shopping
www.pixmania.com,Shopping
www.breyerhorses.com,Business/Economy,Shopping
www.fleur-de-coin.com,Shopping
www.cpapsupplyusa.com,Business/Economy
www.pishposhbaby.com,Shopping
www.allaboutdance.com,Shopping
www.smallflower.com,Health,Shopping
www.scancafe.com,Business/Economy
www.blindschalet.com,Business/Economy
www.territorialseed.com,Shopping
www.cornellpress.cornell.edu,Business/Economy
www.tonneaucoversworld.com,Vehicles
www.sparcousa.com,Vehicles
www.cokertire.com,Vehicles
www.simplystamps.com,Shopping
www.genosgarage.com,Vehicles
www.cookiesbydesign.com,Shopping
www.luminox.com,Shopping
www.rubberstamps.com,Shopping
www.columbiahouse.com,Shopping
www.decorativefilm.com,Shopping
www.treds.co.uk,Shopping
www.highmowingseeds.com,Business/Economy
www.nikys-sports.com,Business/Economy
www.snuscentral.com,Tobacco
www.christmaslightsetc.com,Shopping
www.sunfood.com,Restaurants/Dining/Food
www.ripnroll.com,Sex Education,Shopping
www.gsioutdoors.com,Shopping
www.gtech.co.uk,Business/Economy
www.balsamhill.com,Shopping
www.backdropoutlet.com,Shopping
www.totallyfurniture.com,Shopping
www.puttyworld.com,Sports/Recreation
www.buildeazy.com,Shopping
www.invertersrus.com,Business/Economy,Shopping
www.osbornewood.com,Shopping
www.engineersupply.com,Business/Economy
www.myplasticheart.com,Business/Economy
www.rugbyshop.com,Sports/Recreation,Shopping
www.tylertool.com,Business/Economy
www.europeanwatch.com,Shopping
www.lights.com,Shopping
www.cottonbabies.com,Shopping
www.bluearan.co.uk,Business/Economy
www.gpticketshop.com,Sports/Recreation
lensesrx.com,Health
www.centerpointe.com,Health
www.kefdirect.com,Shopping
www.bestwigoutlet.com,Shopping
www.nutiva.com,Restaurants/Dining/Food,Health
www.uvskinz.com,Shopping
www.vacmotorsports.com,Shopping,Vehicles
www.marymaxim.com,Shopping
www.life-enhancement.com,Reference,Health
www.harryepstein.com,Business/Economy
www.peterglenn.com,Shopping
www.gpscentral.ca,Reference
www.emtcompany.com,Business/Economy
thecakedecoratingcompany.co.uk,Restaurants/Dining/Food
www.partsfish.com,Vehicles
www.ebookmall.com,Shopping
www.makemechic.com,Shopping
www.prentrom.com,Health
www.123dj.com,Shopping
theadventurouswriter.com,Health
www.ahava.com,Shopping
thcdetox.biz,Health
www.jandy.com,Business/Economy
www.wdmusic.com,Shopping
www.linear-software.com,Health
www.happyfeet.com,Shopping
www.dynamicsounds.co.uk,Business/Economy
www.elecraft.com,Sports/Recreation
www.myrateplan.com,Business/Economy
www.ledlightsworld.com,Shopping
www.whatonearthcatalog.com,Shopping
www.grayandsons.com,Shopping
www.dylanscandybar.com,Shopping
www.kvsupply.com,Society/Daily Living,Shopping
www.allbrands.com,Shopping
www.createmytattoo.com,Entertainment,Phishing
www.kirby.com,Business/Economy,Shopping
www.dogids.com,Shopping
www.williamsbrewing.com,Alcohol
www.divacup.com,Health
www.sixmoondesigns.com,Business/Economy
www.hairsisters.com,Business/Economy
parts.sonshonda.com,Vehicles
forumancientcoins.com,Newsgroups/Forums,Shopping
www.jenshansen.com,Shopping
www.servicemanuals.net,Reference
www.cuddledown.com,Shopping
www.johnsonlevel.com,Business/Economy
www.leicashop.com,Technology/Internet,Shopping
www.teaforte.com,Restaurants/Dining/Food,Shopping
golfsupport.com,Sports/Recreation
www.idparts.com,Business/Economy
www.goldenpaints.com,Reference,Shopping
www.justblinds.com,Shopping
www.realsubliminal.com,Audio/Video Clips
www.cabotcheese.coop,Restaurants/Dining/Food
www.kremp.com,Business/Economy
www.davesmotors.com,Shopping
www.coolcomponents.co.uk,Technology/Internet
www.cufflinks.com,Shopping
www.guitarvideos.com,Entertainment
www.nyupress.org,Education,Shopping
www.britishmuseumshoponline.org,Shopping
www.tyndaleusa.com,Business/Economy
www.gobros.com,Business/Economy
www.pilates.com,Health
robertscamera.com,Technology/Internet
www.importfood.com,Shopping
www.humbuckermusic.com,Entertainment,Shopping
www.govmint.com,Shopping
www.cmple.com,Shopping
www.crane.com,Business/Economy,Shopping
www.bookf1.com,Sports/Recreation,Business/Economy
www.tinnitusformula.com,Health
www.southbeachswimsuits.com,Intimate Apparel/Swimsuit,Shopping
www.tomjames.com,Shopping
www.contractorsdirect.com,Business/Economy
www.truefabrications.com,Shopping
www.busybeetools.com,Business/Economy,Shopping
www.usell.com,Technology/Internet,Shopping
www.windandweather.com,Shopping
lfb.org,Political/Social Advocacy
www.normansrareguitars.com,Shopping
www.elementwheels.com,Vehicles
www.benbridge.com,Shopping
www.jetboil.com,Business/Economy
www.blade-tech.com,Weapons
www.greenpeople.co.uk,Business/Economy,Shopping
www.chicksaddlery.com,Sports/Recreation,Business/Economy,Shopping
www.schiffvitamins.com,Business/Economy,Health
www.magellans.com,Shopping
www.memorycow.co.uk,Technology/Internet
rogansshoes.com,Shopping
www.bulletproofautomotive.com,Vehicles
www.carchex.com,Vehicles
www.prodirectcricket.com,Sports/Recreation,Shopping
www.treadmilldoctor.com,Health
www.horseloverz.com,Shopping
www.noreve.com,Shopping
sahalie.blair.com,Shopping
www.exposedskincare.com,Health
www.roversnorth.com,Vehicles
www.awesomegti.com,Vehicles
www.katadyn.com,Business/Economy
www.kchilites.com,Business/Economy
www.wheelwarehouse.com,Vehicles
www.avpartsmaster.co.uk,Business/Economy
www.kleinbottle.com,Shopping
www.precision-camera.com,Shopping
www.awma.com,Sports/Recreation,Shopping
www.armysurpluswarehouse.com,Shopping
www.veseys.com,Reference,Shopping
www.brightlifedirect.com,Health
www.printswell.com,Business/Economy
www.petexpertise.com,Shopping
www.simpsonraceproducts.com,Business/Economy
www.physiciansformula.com,Health
www.ula-equipment.com,Business/Economy
www.moltonbrown.com,Health
kofflersales.com,Business/Economy
www.nealsyardremedies.com,Health
scotweb.co.uk,Sports/Recreation
shop.clifbar.com,Business/Economy
www.waltons.co.uk,Business/Economy,Shopping
www.call2recycle.org,Business/Economy
www.curls.biz,Shopping
www.diecastdirect.com,Shopping
www.ecobags.com,Shopping
www.ja-gps.com.au,Business/Economy
www.candyfavorites.com,Shopping
www.bigdweb.com,Shopping
theteaspot.com,Restaurants/Dining/Food
www.dpmsinc.com,Weapons
www.absolutefencinggear.com,Sports/Recreation,Shopping
www.playmonster.com,Shopping
www.tiso.com,Shopping
www.forcedexposure.com,Shopping
www.minisport.com,Vehicles
www.vanceandhines.com,Shopping
www.wineglobe.com,Alcohol
www.paintyourlife.com,Business/Economy
midlandusa.com,Business/Economy
www.pleasanthillgrain.com,Shopping
www.davidlawrence.com,Auctions,Shopping
www.onlineshoes.com,Shopping
www.poopourri.com,Shopping
www.magazineline.com,Entertainment,Mixed Content/Potentially Adult
trippnyc.com,Business/Economy
www.stashtea.com,Business/Economy,Restaurants/Dining/Food,Travel
www.pcboard.ca,Business/Economy
www.yogibo.com,Shopping
www.bobross.com,Charitable Organizations
www.bluediamond.com,Business/Economy
www.blacks.ca,Shopping
www.passwordjdm.com,Shopping,Vehicles
www.chessusa.com,Reference,Shopping
www.japanwoodworker.com,Shopping
www.drwhitaker.com,Health
www.upscaleaudio.com,Business/Economy
www.batterytender.com,Vehicles
blackforestdecor.com,Shopping
www.cgbfr.com,Shopping
www.cafebritt.com,Shopping
gearexpress.com,Sports/Recreation
www.vcultimate.com,Sports/Recreation,Shopping
www.theflagshop.co.uk,Shopping
www.aartech.ca,Business/Economy
www.graff-city.com,Shopping
www.hapari.com,Intimate Apparel/Swimsuit,Shopping
www.lydiasuniforms.com,Shopping
www.raremaps.com,Reference,Shopping
www.edenbotanicals.com,Health,Shopping
www.proteinfactory.com,Health
www.interpunk.com,Shopping
www.tomsbroncoparts.com,Technology/Internet
www.baliblinds.com,Business/Economy
www.soletreadmills.com,Shopping
www.ticketcentral.com,Entertainment
www.yorkphoto.com,Shopping,Media Sharing
www.sciencecompany.com,Shopping
www.ectaco.com,Business/Economy
www.tradingmarkets.com,Financial Services
www.woodworker.com,Shopping
www.welovefrugi.com,Shopping
www.randl.com,Shopping
www.crossroadstrading.com,Shopping
byannie.com,Business/Economy
www.allenbrothers.com,Restaurants/Dining/Food
www.imageanime.com,Shopping
www.municibid.com,Auctions,Government/Legal
www.greatboardgames.ca,Shopping
www.acmilan-online.com,Sports/Recreation
www.topgunsupply.com,Weapons
www.coffeeforless.com,Shopping
www.thebetterhealthstore.com,Health,Shopping
www.outletshirts.com,Shopping
www.collectorsfirearms.com,Weapons
www.uktights.com,Intimate Apparel/Swimsuit,Shopping
www.mikasa.com,Shopping
www.reallyusefulproducts.co.uk,Business/Economy
www.haikudesigns.com,Shopping
abaa.org,Shopping
www.magnoliabox.com,Entertainment
www.tastesofchicago.com,Restaurants/Dining/Food
www.myprojectorlamps.com,Business/Economy
www.albes.com,Sports/Recreation
www.outsidepride.com,Shopping
www.gujaratibooks.com,Business/Economy
www.harrisseeds.com,Business/Economy
www.hificollective.co.uk,Shopping
hamcall.net,Sports/Recreation
www.stanfords.co.uk,Travel
www.77diamonds.com,Business/Economy
www.beautyhabit.com,Shopping
www.buffaloarms.com,Shopping
www.aerostich.com,Shopping
www.hankypanky.com,Intimate Apparel/Swimsuit,Shopping
www.johnhardy.com,Business/Economy
www.antiqbook.com,Sports/Recreation
www.surplusandoutdoors.com,Shopping
www.equilter.com,Shopping
www.thejewishmuseum.org,Entertainment
www.shineon.co.nz,Shopping
www.bedinabox.com,Shopping
www.golddealer.com,Brokerage/Trading
www.outmotoring.com,Vehicles
www.dixiegunworks.com,Sports/Recreation
epicfireworks.com,Shopping
www.dashfashion.co.uk,Shopping
www.magazinediscountcenter.com,Shopping
www.blackphoenixalchemylab.com,Shopping
www.froggtoggs.com,Shopping
www.cardcow.com,Shopping
www.hartsfabric.com,Shopping
www.wileyx.com,Shopping
www.allvolleyball.com,Sports/Recreation,Shopping
www.soundproofing.org,Business/Economy
www.shopvac.com,Shopping
www.newvisionbody.com,Health
www.bigdogs.com,Shopping
www.riedellskates.com,Sports/Recreation,Shopping
www.glazerscamera.com,Shopping
store.sho.com,Entertainment,TV/Video Streams
www.webbsonline.com,Business/Economy
www.oka.com,Shopping
www.southernexposure.com,Shopping
www.handa-accessories.com,Vehicles
www.cigarone.com,Tobacco
www.zingermans.com,Restaurants/Dining/Food,Shopping
www.petsupplies.com,Society/Daily Living,Shopping
www.tytyga.com,Shopping
www.tweezerman.com,Health
www.watches-swiss.com,Shopping
www.superjeweler.com,Business/Economy
www.kj.com,Alcohol
gadgetsalvation.com,Technology/Internet
www.printfection.com,Shopping
www.e4hats.com,Shopping
unclejimswormfarm.com,Society/Daily Living
www.heroarts.com,Society/Daily Living,Shopping
www.globalsugarart.com,Shopping
stacksbowers.com,Shopping
leapers.com,Sports/Recreation,Shopping
www.laspilitas.com,Society/Daily Living
www.rawganique.com,Shopping
www.theodorepayne.org,Charitable Organizations
www.zzperformance.com,Vehicles
www.babybedding.com,Shopping
www.couchguitarstraps.com,Shopping
www.dap.com,Business/Economy
www.artsupplies.co.uk,Shopping
www.modernica.net,Business/Economy
www.austads.com,Shopping
www.kiniki.com,Intimate Apparel/Swimsuit,Shopping
www.hhgregg.com,Shopping
www.espwaterproducts.com,Business/Economy
www.mediastorehouse.com,Entertainment,Shopping
www.pilotmall.com,Shopping
outdoorherbivore.com,Restaurants/Dining/Food
www.roofbag.com,Business/Economy
www.patriotic-flags.com,Shopping
www.topsonline.com,Shopping,Vehicles
www.cubamusic.com,Entertainment
multi-com.eu,Shopping
www.whatkatiedid.com,Intimate Apparel/Swimsuit,Shopping
www.coolhockey.com,Sports/Recreation,Shopping
normthompson.blair.com,Shopping
www.urthcaffe.com,Restaurants/Dining/Food
www.melanzana.com,Business/Economy
www.celestialseasonings.com,Restaurants/Dining/Food
www.rollerwarehouse.com,Sports/Recreation,Shopping
www.electricmotorwarehouse.com,Business/Economy
